Crop,Month,Season,Temperature,Humidity,Precipitation,Yield_per_Hectare
Gram,February,Winter,13.47527438455435,83.07793892557348,69.14079928288018,21.07803733778146
Wheat,February,Winter,10.457903642288635,69.30931540350586,43.45970232319457,31.582046938421378
Gram,January,Winter,24.452980723790297,76.42956945665733,74.25753152290301,19.023746746677425
Paddy (Grade A),July,Monsoon,21.727761343053885,60.52409551176347,471.68169489286595,28.249823074224892
Moong,April,Summer,15.783663926841125,83.69816369207209,158.30459052994735,17.634622556875907
Tur (Arhar),July,Monsoon,15.87799288649459,71.66432785513422,961.5051972713605,15.534554648680576
Jowar (Hybrid),October,Autumn,19.453097431506812,63.767052246316965,138.3497192851714,21.47928308946468
Wheat,February,Winter,28.70076960430619,68.73110085783695,23.01239359954188,31.83398832972326
Groundnut,May,Summer,19.425508907428885,64.00569994275807,198.51609984491373,26.76680541798021
Barley,March,Spring,16.594440768418693,58.75965361939283,20.636780894430906,25.421756741088714
Urad,May,Summer,31.972201986910715,68.85305062224947,108.1137535154515,13.486555091554807
Maize,May,Summer,32.428500873190636,80.3065965979681,99.57207284617704,31.319374969483203
Wheat,February,Winter,26.13993323189054,83.10475026415503,111.80737498459159,31.322512947348677
Tur (Arhar),April,Summer,29.545719653859468,68.02679630676602,189.37242822833844,21.257878723311492
Barley,December,Winter,24.50469268763314,82.91291939652372,66.82502304533946,22.69318848335025
Wheat,February,Winter,28.34523320156278,51.819618648006255,148.77405476820525,33.605353077582286
Jowar (Hybrid),July,Monsoon,25.60815433532864,57.189753681780665,769.86932903939,23.294577663312445
Barley,November,Winter,10.293344342521934,77.75918274892318,76.32595576110607,27.14566564968566
Wheat,March,Spring,10.918604560773822,81.01430148631135,21.83613881116571,32.322653285061776
Jowar (Hybrid),October,Autumn,29.553509396160184,74.04483601606147,58.91171300476249,21.341021584319854
Barley,December,Winter,19.077871617542016,75.75989843801187,12.387781958153818,34.171863822984115
Gram,January,Winter,22.00671093806443,84.21564817496366,88.73859397717227,21.68031456746589
Wheat,November,Winter,11.964945778204008,54.49636274767412,116.87990274604769,30.93833848203813
Jowar (Hybrid),July,Monsoon,34.9022887317172,60.14410450093939,950.6543384128469,23.12973349722303
Gram,January,Winter,28.8495655944515,80.97476778370812,110.73315421598986,20.327998557540646
Barley,January,Winter,19.244512432130726,65.47950090221671,71.04710343913115,26.682514742206383
Wheat,January,Winter,12.989176035544519,83.53936350682747,123.26387140569123,26.275837710923533
Barley,February,Winter,23.31693074336639,75.07570043057535,86.35041175430567,22.93544381498038
Gram,November,Winter,14.702097638676003,50.75399381833733,15.752607712092939,22.83682781571277
Wheat,December,Winter,14.795277172851335,57.23598711887809,26.60423208758596,33.763537541693935
Gram,December,Winter,15.913007752866296,66.20410347736868,173.7601083516097,24.741228100489153
Gram,December,Winter,32.1584429621942,57.22445401374918,60.48182045415534,22.581021655060862
Barley,December,Winter,17.01602518280964,51.75477193798651,64.9366157394872,33.43574167928879
Ragi,June,Monsoon,19.3518223559902,79.011186595559,464.9259453769416,26.951373824606765
Wheat,November,Winter,17.17505957913256,53.476269445033836,165.58436650995816,26.693076757271132
Wheat,November,Winter,18.074765271417505,75.04493049205566,139.09950065198262,30.31815188262027
Urad,August,Monsoon,28.02242178345434,78.91652901765727,211.0147024505582,15.59495443333395
Jowar (Hybrid),June,Monsoon,31.27948180883166,67.94765694226524,794.7559879913545,18.706661326526767
Maize,August,Monsoon,29.247456750157735,66.03726915018851,800.3729500334541,34.0830319113179
Moong,July,Monsoon,26.679247521455405,65.26616326022406,204.843713715848,13.362774875234606
Cotton (Long Staple),April,Summer,26.438625831645066,72.32087767394376,36.80878108979152,24.146923532413584
Wheat,December,Winter,20.745704789548945,67.17741587657903,158.55655513729397,32.43836754956122
Wheat,March,Spring,21.79620450313432,69.89802091276894,51.448406098579134,27.319218453597465
Tur (Arhar),July,Monsoon,23.49577816156392,71.31653339132541,322.7447749311392,18.115361388215
Paddy (Common),July,Monsoon,30.436319186268616,76.24116644124643,561.8197598814497,21.05484693900805
Gram,March,Spring,26.10505134897001,53.72070362202207,86.3588141374005,22.86817629063003
Jowar (Hybrid),June,Monsoon,29.448512583398916,51.60035901909799,973.0148582881595,17.395779975877076
Jowar (Hybrid),October,Autumn,30.052084081742045,60.09147018115533,157.71211643988553,20.194770619586638
Wheat,November,Winter,23.617942845458405,66.8098149934325,66.35288410083373,33.9214072465443
Barley,February,Winter,32.9226943961077,54.4212379881189,47.38868628071104,28.517133743637068
Paddy (Grade A),August,Monsoon,19.2370179817314,75.17178862904443,634.1117149690822,31.301922790703404
Jowar (Hybrid),September,Autumn,23.559418360468314,53.11414764388858,87.1980944718851,18.67105123250872
Wheat,December,Winter,15.18808633134908,53.74441933182964,78.4776051597862,29.85548149689818
Gram,November,Winter,31.489911634186136,80.74146798458125,183.2268327159349,15.253739696926077
Gram,December,Winter,21.25581634283059,68.5474791171888,152.87919121770722,15.119971967679147
Tur (Arhar),April,Summer,22.07446821800793,75.13207092394299,182.66213259158673,15.386240936621821
Cotton (Long Staple),May,Summer,20.273586414937434,55.074598701301944,149.76247796557993,21.530118421295935
Wheat,March,Spring,30.29099619933219,53.568584745817596,119.32639784293778,28.734943508731128
Paddy (Grade A),June,Monsoon,23.868673810185076,56.22660846661392,382.1239024824518,30.42450778502115
Gram,December,Winter,14.497646352207827,72.42177599791972,130.86023962816228,16.62256806385641
Wheat,November,Winter,20.37590425977905,58.19042181509459,174.72758430390743,30.738144979438367
Cotton (Medium Staple),April,Summer,16.362771401267892,66.3420582905544,101.79527507391953,23.980235843261113
Cotton (Long Staple),April,Summer,20.64707663166481,62.58301608465307,11.543410203457448,20.295554327636722
Wheat,February,Winter,16.32388208286595,75.84293765846016,16.07515555729997,33.87488589562636
Paddy (Common),August,Monsoon,12.580134538682117,53.72944530425022,239.22641636349394,24.520376253301244
Jowar (Hybrid),October,Autumn,10.932777762451185,75.73975244288998,61.696927325739416,19.54418004950014
Gram,March,Spring,34.29370074171396,58.12485103424759,17.560255703141294,24.869013175928288
Wheat,December,Winter,32.43170512539756,82.62476275309456,181.84098933662744,34.627967859736614
Barley,March,Spring,16.657567866559997,70.5769019412942,29.280343817856036,27.393126675340962
Wheat,February,Winter,24.10137069860957,62.15405125372121,95.66432633431074,34.389241055493656
Gram,November,Winter,20.44308579676359,79.00058435491097,90.8272748888561,16.964140194157793
Wheat,January,Winter,18.54662917724328,65.27978979522413,46.89105333647671,26.691870632669673
Jowar (Hybrid),September,Autumn,29.208315537888545,70.8122663906253,165.0188251878333,18.474551480640425
Wheat,February,Winter,34.20909158325719,59.98163141401633,13.331909830039411,27.59805514537467
Jowar (Hybrid),September,Autumn,31.142760798426565,80.81843129500722,73.82422970999617,17.11849851995988
Wheat,December,Winter,23.58188002829022,72.11213673512079,113.84092205253116,33.756738896982704
Gram,November,Winter,32.60499970675528,53.412322562803595,70.78945524597282,16.16087413423326
Gram,January,Winter,29.981110544777085,73.47810437145438,76.84936428917513,24.128062847290032
Wheat,March,Spring,28.58190494809453,80.35442230037543,186.76892371807241,28.231267362230327
Tur (Arhar),April,Summer,14.226275835893563,83.40845999171339,86.39158086778744,16.471729251743948
Wheat,March,Spring,21.520703517723618,52.26388196054533,47.01572226058822,30.046657091439187
Ragi,August,Monsoon,16.170739374230273,81.3019107677204,847.9338729736384,22.663440895347332
Wheat,February,Winter,16.473593637226333,55.47519163116783,34.409803945662375,30.31910108042113
Ragi,April,Summer,26.96129448256206,71.0666332199431,158.4788379479036,28.10495454763604
Tur (Arhar),August,Monsoon,25.657102095710055,63.109199840451055,738.7376852725392,19.156007695853376
Tur (Arhar),April,Summer,28.623214527316364,79.32136162330352,125.97960967621472,15.287293462022204
Barley,November,Winter,11.389868941158792,79.58328270316879,180.44122642008978,22.959463268208292
Tur (Arhar),August,Monsoon,33.95203764201234,71.29182066013824,840.7901469971047,21.305097043911672
Jowar (Hybrid),October,Autumn,24.120867593121574,73.7590518810053,21.671643927091363,22.902251830445724
Ragi,July,Monsoon,22.67620331917768,68.57496315880493,707.1224315417571,26.309434381420946
Gram,January,Winter,25.026357714032414,69.88130806459014,62.60153571617999,22.11644038164525
Jowar (Hybrid),October,Autumn,11.025898273537104,77.03240911453508,36.146671409550265,17.16393607333093
Gram,February,Winter,29.330026204833935,81.53502924587679,169.16545284579462,17.270330759298517
Jowar (Hybrid),September,Autumn,31.026053647809203,80.03692490669232,121.90523917042799,19.48371919103623
Barley,January,Winter,12.629755561591784,60.626494524907606,63.732569409497415,22.065878779449704
Urad,June,Monsoon,13.406031827695513,82.20986136182242,524.2280131947608,14.921242363551398
Urad,June,Monsoon,25.700002523671962,83.81582895188116,986.2634335182129,11.101509924396693
Paddy (Grade A),July,Monsoon,13.532735938956463,57.231324492704665,979.931432013406,33.80927102382366
Paddy (Common),August,Monsoon,21.252265156193033,71.38078260873466,310.43773238889906,25.444630307176517
Jowar (Hybrid),June,Monsoon,25.97021061912587,75.94058421185873,303.49669399382043,21.344377074007433
Wheat,November,Winter,17.782474209102944,69.14044429602413,26.714935071219596,29.306111920846114
Paddy (Grade A),July,Monsoon,20.57865114396406,83.65494638914163,446.1527826714632,29.849100754159252
Gram,February,Winter,25.56782191854048,54.621065596342895,19.568675223437488,16.759059980054857
Wheat,February,Winter,24.718864118346712,61.715255314041535,186.7140328572534,34.929444337643574
Wheat,December,Winter,33.46492767240416,68.47926009670817,62.05016878861499,34.072036140610486
Moong,June,Monsoon,29.108672568351633,52.29130631232583,510.52574100734836,13.848109365482996
Barley,November,Winter,13.660748372468916,65.90244804813425,128.20680306773994,29.375492267261947
Moong,April,Summer,31.634342365935357,75.08037329146498,35.24377889429859,17.249658143912782
Paddy (Common),August,Monsoon,14.397021740652882,76.41852823467906,768.7077003744466,23.03892644529393
Barley,January,Winter,13.512568357060116,52.9867797036461,43.460319327503115,22.536670618625244
Gram,February,Winter,14.83751629239358,56.472323687351775,105.83170794920358,23.098287303779003
Barley,January,Winter,27.079413761088723,58.00699728744464,109.62109194243274,21.34000201309688
Gram,March,Spring,32.836310750980594,74.01154893519026,28.684196294863693,22.991865989338983
Gram,January,Winter,25.28511283028056,74.08281667355494,150.03849023112863,20.239525544583348
Gram,November,Winter,20.32504523904109,82.95222883629593,179.03863176569453,19.791189417598893
Wheat,November,Winter,33.991550973154474,74.3119199123187,110.76930902899869,28.13121189281985
Barley,January,Winter,17.938106256871603,79.56588949309219,109.42028319396177,23.75026927132194
Maize,April,Summer,20.399288798100976,79.92474729575427,28.450007142388415,31.376925864196643
Jowar (Hybrid),September,Autumn,21.91587217419324,80.54772810705956,193.90987751716392,18.97055027306713
Jowar (Hybrid),September,Autumn,21.33259176791357,75.89948716689008,125.3672082732224,17.458211109803376
Jowar (Hybrid),October,Autumn,11.20596017951178,84.2882164343882,24.801072136758528,19.53909366716818
Ragi,July,Monsoon,16.676361058076864,50.74313005087227,729.1366974364141,20.56095901383778
Paddy (Common),July,Monsoon,25.641421797200493,67.19069504460015,291.3456589614956,23.343965999726628
Paddy (Common),July,Monsoon,16.10262927195207,76.15727210810037,980.794637992877,21.33181397421083
Maize,April,Summer,12.969366079103958,74.03544157994416,170.35224868267434,39.098529705047326
Urad,May,Summer,32.39799747302285,81.78521140772605,127.16379202836512,17.654435235339736
Urad,April,Summer,22.934689755595187,56.96143056194927,39.54383597327031,14.892073799447644
Barley,January,Winter,27.73178976573946,73.45476221376299,169.25686156160475,28.220700965497088
Maize,August,Monsoon,21.665052349729432,72.79698706699571,844.980536222404,30.662261399481693
Wheat,January,Winter,15.908627396795659,75.19507784156788,90.3099204274174,31.80947709462773
Jowar (Hybrid),September,Autumn,16.577130651585733,73.84202766400547,135.82829165136292,15.85468892408067
Gram,December,Winter,22.50047655961553,68.52821227954597,136.10981987280314,20.1968348282959
Paddy (Grade A),July,Monsoon,23.146185768837693,72.97596450631818,656.1236901936848,25.903716979002773
Barley,November,Winter,15.7204371849494,72.94309561799682,182.58917976390808,30.112824872213647
Ragi,June,Monsoon,20.09070482924767,70.94202242143325,530.4089332032261,26.450765277627987
Barley,March,Spring,10.1694874873892,53.7988791303676,147.37481874578293,31.963334892581905
Wheat,December,Winter,29.54566674066268,84.7225336094843,160.40776078194918,29.851036244823135
Ragi,June,Monsoon,29.880656461896724,55.10007979215957,704.2923006948843,29.033995658124944
Gram,March,Spring,15.270990313594185,84.95319632488747,67.91299595636427,19.128150208290666
Moong,July,Monsoon,28.927574797357973,56.702900182237464,844.4486777637766,13.134303453131677
Paddy (Grade A),July,Monsoon,33.12681836018794,71.0336923126959,891.9896337134662,27.82558166359673
Wheat,January,Winter,22.43228007315274,51.038438127868694,39.54752778976649,28.791458882772364
Maize,April,Summer,20.430048206845328,72.49982432420376,98.80134417277559,30.35135489648869
Gram,February,Winter,31.091593410268608,56.574561664424266,95.76387337669762,19.36284828599266
Barley,December,Winter,31.417054992927376,78.92081495157952,28.243246113545265,25.41316332028724
Jowar (Hybrid),October,Autumn,14.286045096198325,54.78303641954515,92.60357495030422,23.16469709006804
Barley,December,Winter,24.907032080967674,53.81980485822707,15.976809440713062,32.43023371682696
Cotton (Medium Staple),April,Summer,23.061345959174837,55.44181657474442,98.93683592510028,26.378964380920724
Gram,February,Winter,14.8605782955688,57.330321296975725,193.12385574128203,20.41124867293697
Jowar (Hybrid),September,Autumn,12.563268213817882,74.37827687644813,106.1664491189406,23.2910571401962
Urad,May,Summer,18.20392595763332,70.62588547281808,161.03373197576127,19.61750038698206
Jowar (Hybrid),September,Autumn,12.30885041251504,63.81480248984241,137.12215082370017,18.25902326101156
Ragi,July,Monsoon,25.790110843314835,82.22380136856935,621.7390562482982,26.769070034308342
Barley,March,Spring,24.543123091094408,69.6058555766988,108.41548766973632,23.481376142675124
Maize,April,Summer,33.309838084324824,56.829015833971575,39.57838765790365,37.721463275252404
Barley,December,Winter,19.944994695980455,63.24654952764787,95.23306791722207,29.883145965604896
Jowar (Hybrid),October,Autumn,22.42477853500945,57.914072826407306,110.9393043231864,24.38060185406667
Moong,August,Monsoon,30.767741322241086,51.22655883659679,955.3629346444131,16.042540754348053
Wheat,November,Winter,28.031632829926547,84.5907706235424,102.03966753833785,27.788315448817453
Paddy (Grade A),July,Monsoon,33.1932281045011,65.84438451918606,838.796977551043,29.12315285338142
Jowar (Hybrid),June,Monsoon,11.279729142010058,76.11947334489116,397.06353499857335,19.426719475393675
Moong,June,Monsoon,13.063594083402085,62.75437604485437,752.8361762961607,12.400216096121312
Jowar (Hybrid),October,Autumn,29.56532256834824,58.17336130905408,107.81817104490374,18.977702304112384
Jowar (Hybrid),June,Monsoon,30.7938625687289,69.02209467256539,336.32352345274273,16.93189799365022
Tur (Arhar),May,Summer,10.613878527105665,51.835163425058475,198.96955565204343,22.13972148462075
Gram,January,Winter,25.53629846215869,67.30045658872314,129.16932791192164,18.693002370713458
Ragi,June,Monsoon,24.828889176591534,65.13484651977956,274.03821663908224,29.865475310862582
Paddy (Common),June,Monsoon,19.765968620863926,73.37899835285572,218.5332616639048,25.026484911530407
Gram,November,Winter,22.053380428231844,65.35691322995612,82.03844150054786,20.943643516406286
Tur (Arhar),August,Monsoon,22.77668728014715,81.84214559549686,447.6786158324197,19.792130010943364
Urad,July,Monsoon,27.926231089081124,83.8428704211301,705.1276175513656,11.088314109649438
Jowar (Hybrid),September,Autumn,28.99215762948903,81.22885887776432,118.09722901933075,16.470525195619327
Wheat,December,Winter,32.18992962350919,67.13325052778028,196.11860258210208,27.861144915692403
Jowar (Hybrid),June,Monsoon,30.47487623975476,70.68851277291995,480.11058369886166,18.18857682746959
Barley,February,Winter,10.464191813762966,66.15936803277347,59.56882495344639,30.32974315842177
Jowar (Hybrid),September,Autumn,16.60418642706619,61.60304131876501,116.12521051046878,23.329186289773492
Wheat,November,Winter,33.82552500270994,66.5920156406512,78.94663817940369,29.611990646802
Tur (Arhar),May,Summer,11.416324102048346,77.52634117673833,84.94064333308673,23.877747143367735
Gram,February,Winter,10.955423021114976,76.33522043326187,38.9124602055168,15.308564151770037
Groundnut,April,Summer,34.78263696621666,66.98389297443599,83.41193783546815,21.765231667446326
Barley,December,Winter,25.113465377652826,55.26218543712859,69.01095408964426,31.427671760792045
Urad,April,Summer,22.663684616348956,55.66734150324477,123.91726049523606,13.040071627226988
Wheat,January,Winter,25.562474551903488,82.26946303216371,158.65978127477732,32.59387733558462
Gram,January,Winter,25.59242643950762,70.90616816357468,37.41239925567733,23.420320874652667
Barley,February,Winter,24.01522015738586,84.2145610755546,74.94379543837968,21.97530638884554
Jowar (Hybrid),September,Autumn,19.664833324909452,53.33133672153886,187.3759452142975,22.15141025590926
Groundnut,May,Summer,33.30849852960785,59.42523665506003,48.19541986274948,15.646131125301965
Jowar (Hybrid),October,Autumn,15.66726217245869,72.8762148774735,131.66388050527357,23.253438883137484
Moong,August,Monsoon,18.804588779527563,69.64490535571235,715.5867466973684,11.115232544744947
Jowar (Hybrid),August,Monsoon,28.679104480694754,61.608367736633525,943.8740006571686,16.95146892759617
Barley,March,Spring,14.221685742248981,81.32168094388744,120.34679758876405,31.508409634348684
Gram,January,Winter,10.230112765793159,50.75233089613794,54.2136932739322,24.53821428461834
Urad,May,Summer,28.204849548263116,54.37011780641453,102.88775280563118,18.578149719694196
Jowar (Hybrid),September,Autumn,30.63787705256941,58.6557590248084,185.47598298058023,23.519949183180096
Ragi,July,Monsoon,17.551075578588648,74.94571017715417,208.84586171437115,29.063424915225163
Paddy (Common),June,Monsoon,15.183028135061626,81.02013828852573,655.6150895079899,24.567427047656338
Jowar (Hybrid),September,Autumn,34.46605249052753,73.6054741811076,184.41214575135885,24.801779474842235
Groundnut,April,Summer,10.351233494337139,74.044767084524,191.1130615925476,26.887046442926625
Jowar (Hybrid),October,Autumn,22.43071527432859,59.151705793111475,97.46703995854772,19.011433489375147
Moong,July,Monsoon,23.126149466515884,81.4542218894062,928.2099838103684,14.191602976047534
Barley,January,Winter,22.616055898511593,64.72748732123873,118.34317726231731,27.083090064900972
Wheat,March,Spring,16.51235718005578,72.30400191068614,87.29763631996919,31.058879378056357
Wheat,December,Winter,29.802737667813133,73.3096749732975,146.24926120121316,33.142860587604396
Jowar (Hybrid),September,Autumn,13.382853722535314,62.1430274281593,142.58120155597842,18.238585824923213
Jowar (Hybrid),August,Monsoon,33.51688668932525,56.28065988779325,655.9008516046305,20.68232604658259
Cotton (Medium Staple),May,Summer,31.021314226935154,70.21227069098227,101.90212457765737,22.19851057365075
Jowar (Hybrid),September,Autumn,22.37715917487255,55.24579945314088,28.242963534456315,18.72804822115306
Jowar (Hybrid),September,Autumn,10.993627010047785,68.11398182937018,103.05807393540908,21.661931293323327
Cotton (Medium Staple),May,Summer,16.520981339899517,74.0388712173334,25.288927226808823,26.01508435637895
Ragi,June,Monsoon,20.001057552245427,78.05124331053318,588.3938007849242,29.86683034021339
Paddy (Grade A),August,Monsoon,25.72824986587299,74.36482655849395,397.2772212822422,26.857997080527156
Jowar (Hybrid),October,Autumn,11.703830672289158,55.609727965900426,123.36249104902012,24.09090038125045
Wheat,January,Winter,18.70124368434876,83.94882121299726,119.21061253095418,30.95004729692552
Cotton (Long Staple),May,Summer,21.533031082777214,56.13466669387109,162.3066484036195,23.20279803942868
Gram,March,Spring,17.82185995950507,61.158707372726184,126.75868048415761,17.17905524874856
Barley,January,Winter,33.55757085508845,52.48688742676712,37.964459420997805,26.012289769399445
Barley,January,Winter,27.1636114629565,74.62807232900681,170.1716105677823,27.323217501602
Jowar (Hybrid),June,Monsoon,25.492409711497316,61.808699182303414,702.0985995131502,20.90811743855399
Jowar (Hybrid),June,Monsoon,25.097296641755698,74.03888327356734,945.6059213031356,21.479179051985497
Urad,July,Monsoon,31.673938293172814,64.54977304333573,378.5704231237204,10.11234367865228
Barley,February,Winter,21.282381501573326,53.81778575197935,179.43124491153094,32.26929275184021
Maize,August,Monsoon,12.274297758678495,53.91576157243488,972.0341964732017,34.940187152486395
Jowar (Hybrid),October,Autumn,17.236611469050917,67.85922669487798,181.73868548574544,24.002917280921547
Wheat,December,Winter,10.23646036382158,51.73365721760542,179.84447524329198,30.341113945678053
Wheat,December,Winter,25.739493703514988,71.56548461200097,191.0491273652054,25.162202554064883
Barley,December,Winter,28.163443250905928,51.711192017074744,194.23483114783875,34.72256162133398
Gram,March,Spring,11.165283539839198,54.347784700757636,61.80859382658239,24.729910722237168
Barley,March,Spring,21.38147512141074,51.584088958191096,158.65041182550507,32.04522130537173
Moong,May,Summer,15.054737006924581,73.29105812837666,140.7339368314795,13.705078582722745
Jowar (Hybrid),October,Autumn,23.269688101094474,70.61186702953086,46.76671419740346,21.233492222183216
Gram,December,Winter,21.468040577840636,83.74643725928223,58.93415477461526,22.373276287003748
Barley,January,Winter,11.433153216082996,62.301289736650986,131.98439506200828,31.209604428328255
Cotton (Medium Staple),May,Summer,17.67495505903262,72.07634972761035,75.1352930789833,20.657557325701116
Wheat,December,Winter,12.198832685382907,82.80406231899079,48.36966069264207,30.003073299140894
Jowar (Hybrid),August,Monsoon,16.852256258257363,84.62504526046547,896.6142665374676,19.878994630756203
Cotton (Long Staple),May,Summer,31.089646124688514,83.94575064937251,134.98882944192266,20.513528932517737
Barley,November,Winter,18.06656404132481,64.60561849833493,152.99125293365438,23.883323100506413
Cotton (Long Staple),April,Summer,17.43372434050264,61.89973344390152,72.90882480524651,23.753661050557113
Tur (Arhar),July,Monsoon,24.45112326557717,66.00232781787787,217.3234515103255,18.50742909836501
Tur (Arhar),May,Summer,26.010272055266096,76.62339858035443,151.9419060649115,22.48802623687628
Urad,June,Monsoon,22.536568693036678,72.56394316647336,968.0235850237041,12.578431484908842
Barley,January,Winter,19.026369088678454,84.3158704709094,75.4768198336169,23.87541482933957
Ragi,May,Summer,34.6504818932855,63.29239271053831,81.53303051273997,22.634424562882963
Gram,March,Spring,20.623549404206877,54.12592264821701,132.81912577182345,21.785777634883274
Barley,January,Winter,13.535755530778351,71.85742527542223,108.80310436775997,20.88263069394294
Jowar (Hybrid),October,Autumn,28.048142354948144,75.65164608835667,140.76322934711192,16.566704286703164
Wheat,February,Winter,24.353625782759515,65.4707953744634,76.48546384303192,26.003502723771057
Jowar (Hybrid),October,Autumn,10.944994556569103,67.40317526997,44.90957634783678,16.656975143575824
Jowar (Hybrid),September,Autumn,22.93788855654425,55.42514643975324,69.83642593479178,20.571720001706918
Jowar (Hybrid),October,Autumn,24.592339012599894,77.88502267253509,80.39734858667569,16.20293500100736
Jowar (Hybrid),September,Autumn,34.95658152990044,61.25080874445048,45.96753229841205,23.984498260197846
Gram,February,Winter,32.8619404398863,68.89979505610407,82.36721175276827,21.362508827640823
Moong,June,Monsoon,19.5487028459843,69.72910481766849,867.4951825612629,12.095597264526472
Barley,December,Winter,28.876344045657873,57.87614653153915,195.4842213717388,33.470482296896925
Gram,December,Winter,12.495398585345377,71.25452499513916,106.82527912157175,19.24388057637794
Gram,March,Spring,11.441291113232685,75.66404231057032,157.90494799291253,24.465148323757987
Cotton (Long Staple),April,Summer,12.046175882156135,79.61029533651728,175.44972234099984,25.828147467016564
Tur (Arhar),August,Monsoon,24.77342019248043,78.84718796630868,411.83893401366413,22.947253579827215
Jowar (Hybrid),October,Autumn,23.914590462119936,57.00779064578955,173.8317543460283,23.498398999890604
Moong,July,Monsoon,16.258002030687457,52.09794313510757,727.637540284083,10.929269787280587
Moong,April,Summer,13.322194390603727,77.73707780213081,55.085397845321324,17.20707186644008
Jowar (Hybrid),August,Monsoon,22.599238619815434,54.90013142266124,236.213923862187,18.049804401271178
Jowar (Hybrid),October,Autumn,10.942333436763498,59.42420860585766,22.032244192158174,15.436187617398465
Jowar (Hybrid),August,Monsoon,32.53162332922014,82.05025792644324,813.6644059212189,17.353452912736433
Jowar (Hybrid),July,Monsoon,33.35259465564451,74.94956104089539,440.1891324394775,15.650121185942465
Jowar (Hybrid),September,Autumn,31.989232589202512,63.01535135475264,125.49298287054893,15.081854754618345
Gram,November,Winter,21.66717215744481,72.63631123992057,175.73515347989624,20.666592074228127
Jowar (Hybrid),October,Autumn,25.222843391642414,69.21567033602898,101.57023664023234,17.104264298949527
Wheat,March,Spring,14.651624070671254,64.9195115119752,176.0373298556198,30.000815201648326
Barley,December,Winter,24.94275751594124,79.83661098950331,152.65635016855256,29.30588439867443
Urad,July,Monsoon,12.984294322817814,61.241376197492286,884.9844315912316,18.178955180324124
Tur (Arhar),May,Summer,20.99481212548921,70.01496365866788,118.17199338761901,17.178537225016353
Gram,November,Winter,14.687594839139415,51.691480796893956,186.14730165850122,20.339881837483304
Wheat,March,Spring,27.83994730972231,84.29038889516477,121.06771191950651,34.39147797264725
Jowar (Hybrid),September,Autumn,17.01587580841043,66.70926396154225,199.22938289477102,19.807632075085174
Wheat,January,Winter,11.621713879108924,59.07643525887599,75.80784004466777,27.344986804199092
Ragi,August,Monsoon,23.759455146877414,82.68256867660503,712.7226277143153,29.51316304439093
Barley,February,Winter,24.468178200652297,53.78168898903976,10.737498435200562,32.75296534402838
Gram,January,Winter,22.462211583547827,73.08169910911576,13.81807343074405,19.854819323261285
Paddy (Common),June,Monsoon,31.134967048541462,78.6187273386183,441.847245975054,21.870012292411893
Ragi,August,Monsoon,31.789426830917495,54.89731495810449,525.9501222758323,25.21568829068456
Ragi,August,Monsoon,23.6539643249368,81.78162292292927,519.3614862242089,22.996361266040417
Barley,November,Winter,31.74169462352813,75.53127928791889,109.6368675907784,22.497079653462492
Groundnut,May,Summer,25.296581664801316,79.77330376493451,179.09072572565134,25.35606757987792
Barley,January,Winter,18.790141145783114,58.741815746955375,163.10013511766016,26.566542834031665
Jowar (Hybrid),September,Autumn,34.0418036174555,82.66483220510739,26.16848584734683,17.686300150588448
Jowar (Hybrid),September,Autumn,27.13710485663012,64.31194615284572,41.87247446623587,18.02440606427832
Jowar (Hybrid),October,Autumn,28.855021607158413,84.67121675794732,106.48084673364646,17.72869041950002
Paddy (Common),August,Monsoon,33.66436607504675,61.176981190450235,823.8874999921971,20.932917607757396
Gram,December,Winter,18.16641495843205,68.53336448188611,102.00292883517085,15.902208855849867
Paddy (Grade A),June,Monsoon,10.247566323245413,67.06170143871326,964.9716861509622,29.738961506052178
Tur (Arhar),June,Monsoon,12.43314988930913,50.32582979995528,283.19611404899285,15.685528595205273
Jowar (Hybrid),October,Autumn,28.710403037126262,51.55413918879954,57.232659809404986,19.765227251098665
Moong,July,Monsoon,28.930230715416645,70.74753184251506,667.116894799511,10.305460295043199
Jowar (Hybrid),October,Autumn,30.94445896224316,55.22682890589583,91.84214090846153,22.048722573680323
Wheat,February,Winter,28.691905321912063,71.42619660752437,47.45561559924624,28.13958007525963
Maize,August,Monsoon,22.427561808581128,83.22244396293553,257.33114568571375,37.3828794707006
Groundnut,May,Summer,19.482771095152188,63.79249144796409,180.05918331630508,28.30770666335994
Ragi,April,Summer,27.90601238745708,69.57341397650636,137.19958527547084,20.034003587563188
Cotton (Medium Staple),April,Summer,21.70369648940727,67.14234725862867,107.6454285400113,23.38528178988595
Wheat,November,Winter,21.449075864015615,72.6847706785259,18.578769942857864,28.328646780284345
Wheat,November,Winter,30.591804961550768,67.98322504960004,26.29125648996234,25.63966188169814
Barley,November,Winter,28.20658455612906,61.93576506933135,27.59203840202875,24.462853178698545
Barley,December,Winter,34.33595403337402,63.82037996584468,41.326146907602904,27.874035517443588
Paddy (Common),August,Monsoon,29.41403445901734,57.02627850877293,235.43933237506678,21.096914372562566
Gram,November,Winter,33.740029034442344,54.01089007653944,199.70769282126653,22.10601324961783
Jowar (Hybrid),October,Autumn,16.553334970419513,53.65296784586944,167.09427838162293,18.6933477067438
Tur (Arhar),July,Monsoon,33.774953912964676,67.73918536307386,794.6956402789243,15.060515878049282
Tur (Arhar),May,Summer,21.587469749303338,65.60194474044617,38.342717482545424,22.266856267023762
Moong,June,Monsoon,27.17606496611684,53.85475183571639,610.8063828171921,18.69937055020546
Cotton (Medium Staple),May,Summer,20.27453864926638,77.62718326138197,189.4840115856275,28.727144617729387
Cotton (Long Staple),May,Summer,31.07733593946405,60.557233664355486,110.84096387299688,20.977092854816604
Jowar (Hybrid),October,Autumn,20.212908146474078,52.804738612850244,61.482168790219646,16.428581253793606
Gram,December,Winter,30.779569471033927,54.09229220217836,119.28493953997003,16.866724833296214
Maize,April,Summer,22.022228619298758,59.49241423931022,133.20856565582483,35.69329614349773
Jowar (Hybrid),October,Autumn,24.35671569461435,77.11842265222646,35.71559098898537,16.92006361585372
Cotton (Medium Staple),April,Summer,26.31577690379969,80.23218087449716,156.1661277382659,22.949471402669992
Wheat,March,Spring,33.96868723460993,51.19064178490775,193.76331807656499,25.041568507465822
Maize,April,Summer,13.976973394276905,56.09914659588586,198.03713208342694,37.56465273292895
Maize,May,Summer,13.157473301296395,63.607275466625524,188.06356228561773,32.296472962400074
Gram,December,Winter,30.61044331503342,78.57248059100962,61.89104035331477,21.018747082673308
Maize,August,Monsoon,16.23842497754932,50.04126473782212,348.0872138295632,38.617916485352765
Cotton (Long Staple),May,Summer,29.563685103276573,72.50084053905336,199.35774174499278,21.12898475905539
Jowar (Hybrid),October,Autumn,14.011167379076372,74.3973093046701,117.1182366115476,20.04083967000235
Jowar (Hybrid),October,Autumn,32.68763500767436,73.13277546896457,64.9643583137204,16.114849985467327
Groundnut,April,Summer,20.629761011328483,63.40962739735005,142.23307446559915,21.103644738523847
Gram,November,Winter,29.911773893605815,58.76758152880299,56.91294180744683,20.053337165449847
Ragi,July,Monsoon,31.35433949241648,67.86791622240824,488.3134415701613,21.743408355048317
Jowar (Hybrid),September,Autumn,20.133901156971223,63.956259780706304,132.46679406480484,21.028828389387606
Jowar (Hybrid),September,Autumn,34.90581286840008,81.03016019934705,87.4172736159465,16.872186916874114
Wheat,February,Winter,20.941285348561347,58.15645059726324,64.22711925851375,31.42116566730455
Moong,August,Monsoon,20.335134041314312,55.20894330857925,778.4630891895646,10.043402328770771
Tur (Arhar),August,Monsoon,18.113930987154184,68.64239995795832,531.2740970680172,17.160984316690538
Jowar (Hybrid),October,Autumn,27.17690817495873,67.47476556657233,146.38385378296402,15.016621707051845
Cotton (Medium Staple),April,Summer,13.390474548068646,51.033473400743965,155.59921384622132,27.03621446022587
Jowar (Hybrid),June,Monsoon,28.759689107724075,71.38144482871247,238.8349800041695,19.419050612643666
Tur (Arhar),April,Summer,11.79692663309104,83.09601807680176,39.10266493814524,18.28486662266159
Ragi,August,Monsoon,21.680737644222845,55.21607871119859,399.0474333816895,26.82790000304655
Jowar (Hybrid),August,Monsoon,10.209347060737775,51.82520188225727,634.7133080746255,21.11316123082551
Jowar (Hybrid),October,Autumn,14.814992114040159,54.174907077379274,71.39915917643957,18.029765554679024
Wheat,March,Spring,26.05234511598622,58.99775244710814,73.65518848400741,27.153777031543083
Urad,April,Summer,19.420452450511718,54.32449408732153,143.01652868463074,12.179534640171235
Urad,June,Monsoon,24.485067754495617,54.002434356187166,273.59976349459004,18.676371503769666
Urad,June,Monsoon,29.831443448713244,50.02293472196546,764.896100777543,18.82009192499954
Paddy (Grade A),August,Monsoon,30.85651596720241,53.7791392450059,610.7150057379097,32.1161606653023
Ragi,April,Summer,24.96168521856743,52.20516155929081,113.83832832229008,21.997130235851078
Wheat,November,Winter,11.557123884793418,50.82899666098433,144.41810988341936,25.301737434550002
Moong,June,Monsoon,23.26420613658354,77.89147501239282,864.1235454169394,11.870291360266009
Wheat,December,Winter,31.009376086720327,83.19886100071783,140.35794716739264,29.26274054724528
Tur (Arhar),August,Monsoon,21.87907998233985,62.21829706400336,803.648916999906,24.869600669187946
Gram,November,Winter,28.227583933453936,50.362495513488476,140.39917423629916,23.887387569936806
Paddy (Common),June,Monsoon,24.68868996864964,58.755884271957285,743.0287583506229,25.489680324307407
Cotton (Long Staple),April,Summer,27.259935614551676,70.53762151813521,40.242252206133685,22.587535927716118
Moong,June,Monsoon,10.551868207618442,65.21293325986427,816.5465922149192,16.579661811105133
Jowar (Hybrid),September,Autumn,14.222430792694462,71.44050433515923,65.47906290943911,17.027267246424366
Ragi,May,Summer,15.411774218276108,63.39686080971003,199.57224273425624,27.804101471462275
Gram,March,Spring,23.627988057996998,84.48693730024,170.84298679233885,24.47269821858663
Wheat,February,Winter,27.511489644519475,64.18204985535637,196.0424308244277,31.361873260084067
Gram,December,Winter,26.92880582643427,59.904189442790255,29.94806886235371,19.644360082449428
Ragi,May,Summer,13.089755409062633,83.70231715423625,88.02348404225445,28.624906040514652
Jowar (Hybrid),July,Monsoon,27.66571817780149,51.11743758187368,950.0768850420369,19.902954707477246
Barley,February,Winter,14.052290169895965,76.38279689615007,87.08015932931187,22.17220358119137
Barley,March,Spring,17.158746431703584,74.87636861947409,95.72598125955763,26.689832741895618
Jowar (Hybrid),July,Monsoon,10.021880868322821,70.66347036725115,847.3608906909507,16.284157891872848
Jowar (Hybrid),September,Autumn,16.44915550443064,52.24351143798278,98.80499507201087,18.059902518026004
Maize,May,Summer,29.76635829564708,60.58636990561982,42.915219371099106,36.897177170887005
Jowar (Hybrid),October,Autumn,12.399888283428389,63.27812131810617,13.281457924643686,16.227290422144762
Groundnut,May,Summer,24.619696222460362,84.75665029018892,74.08108002549088,16.763709582599493
Gram,December,Winter,24.634184878258463,78.76157003846187,22.28690324130838,15.47304139283769
Gram,March,Spring,25.99625737427965,62.994085628109104,164.1069362071352,20.69637307309648
Gram,January,Winter,34.49079629035941,70.647371298976,81.5351881896665,15.572979155436386
Urad,July,Monsoon,13.710845473002875,68.47115857950209,456.06060533158274,16.518462303058715
Maize,June,Monsoon,22.26640264238558,67.48373897318834,995.89068789437,30.746241472709464
Barley,December,Winter,30.789395668526662,55.08481960248771,94.380753963657,34.897678046951626
Paddy (Common),August,Monsoon,19.98302018125252,76.33822990680179,228.70236098323326,24.969104767081404
Paddy (Common),August,Monsoon,27.999135613672447,79.05591725746044,891.1550823957823,27.65902959431924
Wheat,February,Winter,32.36411298708397,65.49194725261054,56.382612761010854,32.61945295617632
Wheat,November,Winter,12.334755344724906,69.31642523275065,60.58528299661676,27.39654262703023
Jowar (Hybrid),September,Autumn,17.686928102498623,56.12069479242755,33.002565399162066,16.035472319603407
Gram,January,Winter,27.60003562369519,53.51822344558465,92.06247609340032,21.95551638478752
Paddy (Grade A),July,Monsoon,20.039230591150407,82.48994173065395,617.9637851387533,27.609405864049062
Moong,May,Summer,23.776824079464845,68.55233558873485,150.04531716246564,11.31976827773581
Tur (Arhar),June,Monsoon,26.12152056923158,53.46849243742659,860.4024377953965,22.310133724028958
Jowar (Hybrid),September,Autumn,14.369608436210623,55.4596757224984,114.11067429741712,18.279030058965184
Barley,November,Winter,18.634145652442765,62.468321203668175,190.57982728005666,33.6141302686087
Cotton (Long Staple),April,Summer,33.8025085372593,83.29192312977479,35.51145606882751,28.148706235773023
Gram,February,Winter,21.666711502183066,76.72382131383651,64.03420010117102,16.378142789679522
Paddy (Grade A),June,Monsoon,29.04897278945595,72.17148067959334,354.51998858821395,33.68460803263818
Moong,June,Monsoon,10.31635384543804,61.60766505410865,354.8777844715353,10.667265550663203
Gram,March,Spring,16.56792828911766,68.13495662092855,40.0242258565186,15.386569096012476
Cotton (Long Staple),May,Summer,19.900482112231238,71.03089114803569,28.159274884864953,27.371521554297345
Maize,August,Monsoon,10.325229651492375,81.2797298069104,750.3478601761118,32.15561276403077
Barley,January,Winter,11.556381122726467,77.95017170672995,37.014881881206165,30.401715706250016
Tur (Arhar),July,Monsoon,15.83987603353154,70.56504083392316,792.6967570178062,20.268143271619792
Barley,February,Winter,13.008020419228929,68.55369983374587,99.07639781539508,25.092482668237093
Wheat,February,Winter,27.872635672647867,84.14584284366948,36.793275117681404,32.68136796400219
Ragi,August,Monsoon,21.181954459211763,74.10647941832895,807.435730608545,23.60307075435825
Gram,November,Winter,11.546640356888199,54.798077077773996,36.700494127132885,16.45005049062341
Jowar (Hybrid),September,Autumn,30.500524005788943,76.02468172377395,92.05410004713988,15.630413674863714
Gram,December,Winter,20.37023231250138,80.45264303913424,44.28638748571859,16.92869573282014
Jowar (Hybrid),October,Autumn,21.455044205013007,71.27554234858744,141.11379854686632,19.256044397017256
Jowar (Hybrid),September,Autumn,31.49186802443383,70.6126877624641,164.00843397793813,24.09118489859099
Gram,December,Winter,21.106185762890796,52.22605718990945,25.314594405941197,22.092082341346124
Gram,January,Winter,19.25370454271236,53.66610145970557,40.62018834172651,19.196778955284504
Jowar (Hybrid),September,Autumn,17.94617515876009,59.107121269952756,175.7238395827087,24.856274389203644
Gram,December,Winter,31.66258098633157,83.26599240136377,126.150113724467,20.529980381224348
Jowar (Hybrid),June,Monsoon,25.81561530919292,70.4488783553249,442.7170681288728,19.985666743599975
Barley,February,Winter,22.059570334773323,63.39628560602539,176.98463488928348,28.886527874168262
Wheat,February,Winter,27.644750799675386,62.224397610651934,54.431878278411205,25.81504843206042
Paddy (Common),August,Monsoon,24.71157886841065,54.15952526159192,328.9109300919332,26.436571115357278
Barley,January,Winter,33.67544706312728,65.20327793148526,56.49895765761815,27.42893201690876
Gram,November,Winter,24.25448847748938,64.97819047566902,37.65379947988262,16.571642898291074
Urad,April,Summer,29.560417149658573,74.342449525808,166.48826243614184,19.150648721494733
Wheat,February,Winter,30.289071751776287,71.80495018996487,39.33915045526544,32.85942346130282
Gram,February,Winter,10.696547023102406,73.83022071915371,183.65284178431497,15.720049101110368
Moong,July,Monsoon,17.753592892884473,77.12273620194816,700.2532433899414,18.095642397077448
Barley,March,Spring,17.90774354592859,79.41651520363433,123.8831617406275,32.223973762145874
Jowar (Hybrid),October,Autumn,17.176748614646012,63.49018817450465,64.40726636924313,16.053260597256777
Gram,January,Winter,16.78392266559115,76.91674866928442,154.57481501700835,23.75990440048716
Wheat,March,Spring,28.500845207893278,53.73100322730971,55.25855280934016,30.979676763133504
Gram,March,Spring,29.053744912540377,63.2279073224367,165.07628935702968,17.388743742954794
Jowar (Hybrid),September,Autumn,19.307205178571067,75.08058312479753,185.02017539080228,16.604562955867344
Wheat,February,Winter,28.37921118602743,79.82243935662088,24.226608609396635,25.84351217360234
Tur (Arhar),June,Monsoon,23.8284799188371,66.83443342243244,854.5750226369094,16.89361803190092
Ragi,August,Monsoon,30.182918199861145,53.001965652376825,723.7400089087314,29.22368588362805
Jowar (Hybrid),September,Autumn,21.714665774324132,76.19044076289714,86.86203558031977,21.627755998605757
Wheat,January,Winter,15.769265443720435,83.90936730680974,179.55894682742561,29.10238439146697
Paddy (Common),August,Monsoon,23.471620426465854,66.08564412799734,844.8762545844772,23.09934006808365
Wheat,January,Winter,27.506622801096462,55.82764801674588,173.16526698987425,27.369677477661902
Cotton (Medium Staple),April,Summer,31.182428189337816,50.365670161794824,94.73160836234399,28.09082392865953
Wheat,January,Winter,22.22180323770618,57.89537557046577,120.60284223497548,33.85652520973191
Tur (Arhar),May,Summer,31.639070565021886,66.40337638644452,46.257765357228976,22.168786065566096
Tur (Arhar),May,Summer,27.747393176018363,58.85184732870333,161.56957204699702,16.72789905547185
Jowar (Hybrid),October,Autumn,12.836885162903544,64.1679681784635,69.56288293071717,21.69074704474314
Gram,January,Winter,14.619581351958047,59.91686752379422,151.88891362541776,24.55032277708226
Jowar (Hybrid),September,Autumn,27.81766365037159,78.03761470689747,119.55488786870683,15.898985294730037
Barley,November,Winter,18.82669249817136,64.86780185214394,153.8526926324485,29.03458413421966
Maize,May,Summer,20.938659923654214,69.71541295076207,73.40001719463501,33.87631196914512
Urad,June,Monsoon,19.993390068097877,79.06834380923773,209.72214184497577,11.724354322434209
Jowar (Hybrid),September,Autumn,32.4710943605833,80.44406570062597,195.85891715798414,22.667593497712836
Maize,May,Summer,13.279026664509205,69.0757027742046,31.403997219193794,32.03302182746201
Gram,March,Spring,33.96465005536384,58.840799502983515,179.43716028760036,21.3518814251129
Cotton (Medium Staple),April,Summer,31.723082118003735,57.47044619617595,21.070189485130857,28.367839024319064
Jowar (Hybrid),September,Autumn,21.307790349756,66.54421966434592,96.1712453725219,21.92317947240792
Gram,March,Spring,17.288457379634174,59.905912394952274,50.056219634709,15.04710423450291
Barley,March,Spring,34.966002642961676,68.46318325191628,191.90303850661914,24.817814410006783
Jowar (Hybrid),September,Autumn,11.88943681587107,80.13799669267995,36.1062729056722,21.776256930981532
Barley,February,Winter,22.775997394273205,80.8136340088383,164.8071344285507,25.807039056962722
Barley,February,Winter,12.043752171524035,50.644712674692116,177.2665788056475,30.47377503944235
Maize,June,Monsoon,19.81546676322543,83.57941892266567,583.5542277071885,37.31831499360266
Barley,January,Winter,10.30393800775626,56.49312508566892,11.414351912951128,29.62522776151821
Maize,May,Summer,14.538165295203289,70.46158883793453,22.67098555406048,38.10769557301774
Moong,April,Summer,15.011759905289898,57.703902708447565,143.36369195170755,13.973019559627145
Barley,December,Winter,18.72619265040411,71.88211471083709,143.8172221405654,22.2420114355714
Barley,December,Winter,20.870086387677716,54.50473820135944,106.25535092514193,26.796364779406883
Barley,February,Winter,19.742774106297162,50.93059495677813,143.57540656720448,28.360663717033063
Wheat,January,Winter,14.086155219941286,73.56626736823392,18.84515009094315,30.108663033592407
Wheat,January,Winter,29.664984590019458,61.006614580304,199.45894519364504,33.450348509425275
Jowar (Hybrid),October,Autumn,21.220291911522082,56.656678958349616,133.39554076284344,15.281539817548872
Wheat,January,Winter,19.305796465912373,58.894285580923544,25.535598326306417,32.14383864894086
Paddy (Grade A),June,Monsoon,33.69838883790239,64.38511254102632,703.3586690085106,32.00890581386614
Tur (Arhar),May,Summer,20.631797968885436,53.612252042918215,172.87804138601643,23.665669796488356
Gram,February,Winter,13.688777812647892,67.70675057051494,14.333978384496149,24.561372187497355
Barley,November,Winter,33.519889424592435,70.74637168088209,42.60713442336146,22.51541829074756
Ragi,May,Summer,30.975836361439846,62.96769409925792,139.93454698962708,21.222648585553596
Urad,June,Monsoon,20.661556814353727,68.99662072533795,696.373164629714,18.30837019994559
Jowar (Hybrid),October,Autumn,17.362995441353977,71.39196761493278,138.26570781107128,23.684663543528195
Jowar (Hybrid),October,Autumn,18.054014609021234,72.77955203138686,135.48677819715516,22.744801307493287
Tur (Arhar),August,Monsoon,16.54235687918156,64.68657505701023,470.2407753306056,17.251549181858895
Moong,August,Monsoon,31.506783517508744,83.4229893775491,910.4450747605155,10.516457087113292
Wheat,February,Winter,24.24589499526211,51.90543795281711,120.00331039993367,26.516401951028822
Jowar (Hybrid),September,Autumn,13.326583430705943,84.13874511039963,186.84058762311778,24.89663346625162
Barley,February,Winter,23.350944693698395,55.623068380792205,170.85625040819465,26.58607997630816
Gram,March,Spring,34.16191572608487,82.18181261776787,74.35266455065965,19.409956870004873
Jowar (Hybrid),September,Autumn,25.99514383289863,53.952317908860316,157.97951714956736,23.13657092602834
Barley,March,Spring,32.65748128104881,54.137037766781994,64.42541872639612,30.04758573824683
Gram,December,Winter,21.052778624015414,60.18978919934843,191.4338829284012,21.165917134689714
Ragi,June,Monsoon,20.76917881472268,69.111890447186,531.5974642049957,20.808816726435136
Paddy (Grade A),July,Monsoon,25.841979977569878,83.44307168960103,518.1423705314991,25.962869306270733
Moong,May,Summer,21.64195251683126,68.55537021282821,19.593723787218213,10.525366403622028
Tur (Arhar),July,Monsoon,26.27820994808795,73.98448438534214,783.6173307432838,18.40779097985722
Jowar (Hybrid),September,Autumn,15.422305808377182,70.42166083890403,116.25571063851818,17.01227708258091
Barley,January,Winter,34.68173367198827,81.43064500273897,106.24101818597921,31.71711584700913
Barley,February,Winter,31.367077245156878,53.091683598224975,76.01874794175444,27.920457829926843
Moong,May,Summer,32.14324688661675,56.15458747186936,140.13061575300102,16.10798811739471
Cotton (Medium Staple),April,Summer,19.951330147454144,78.62392953240138,39.3205176787645,26.453189127254646
Jowar (Hybrid),July,Monsoon,21.186680673874648,52.84183752839269,205.03042491706873,23.09299786927016
Maize,August,Monsoon,29.19235547233042,52.544413857469365,861.1650595534769,33.44166515000658
Ragi,April,Summer,15.521025677025396,79.57408084610248,195.50209966063596,27.223089941437216
Gram,December,Winter,24.259290783506422,71.39025629965776,59.189120523668734,17.984800095663562
Jowar (Hybrid),October,Autumn,14.166383770395813,84.96545024716741,119.39775180679653,19.89734405209692
Paddy (Common),August,Monsoon,27.030614083900495,73.80133700009753,308.9437240877394,24.12257753156898
Wheat,November,Winter,28.82353965713684,50.3108435778631,64.99427301756297,25.64812592417857
Maize,April,Summer,10.088594469940645,52.447249016650915,55.021362382786215,37.23031621665493
Jowar (Hybrid),June,Monsoon,27.313704211292116,61.072718944147155,735.9379783603945,17.200003562231704
Barley,January,Winter,25.71118593331086,54.81311522867182,17.14533643204665,33.93868859084061
Barley,January,Winter,19.555706610790217,59.35458161533326,162.75506302023854,23.478821439279862
Barley,December,Winter,12.066401087128522,68.68487163938377,32.56487929289371,31.489955109157535
Tur (Arhar),June,Monsoon,13.894857841511765,76.58326050601596,828.8512445677044,18.053658930210187
Jowar (Hybrid),October,Autumn,24.79712157567261,83.51461018137306,66.66074978962695,20.75959092323526
Barley,February,Winter,13.32146859511945,65.63144431709439,196.12319815453924,27.552290856812938
Jowar (Hybrid),August,Monsoon,29.226855190812998,63.54415930005736,526.3511984583781,18.960262512574346
Gram,February,Winter,11.044798935918937,80.38286046676345,190.58771712334078,20.018393676526877
Barley,February,Winter,17.45215436350033,79.97234024980663,128.31835986919396,30.332414161690785
Gram,December,Winter,22.277214029145824,55.52146808294736,35.968778197962735,18.946416917137793
Gram,December,Winter,22.007211393619748,64.26218563563049,76.79529602978444,19.312014575270826
Tur (Arhar),April,Summer,30.07738882460921,50.350530927508196,91.58996138864839,22.243632798114803
Paddy (Grade A),July,Monsoon,24.07540379593344,67.2414133377632,986.36571672173,25.631293731777028
Jowar (Hybrid),October,Autumn,10.309897350765972,83.19911638810908,86.8538360817771,22.535015319665206
Ragi,July,Monsoon,13.941844849682758,84.27856558797097,994.3051535400214,29.18139868874147
Tur (Arhar),July,Monsoon,27.549311492225257,59.982687915607954,951.5094976540857,18.545867037693668
Paddy (Common),July,Monsoon,21.447893928515832,81.58304840963659,555.2331643407189,28.758756538972413
Cotton (Medium Staple),May,Summer,28.930234144533358,69.65475345151205,191.54885469727844,25.564445366772205
Jowar (Hybrid),August,Monsoon,10.87672789649364,84.83331602514376,284.0496718772013,24.465130071605536
Wheat,November,Winter,17.407348289665173,52.14050138288901,141.16365020205993,30.550926732187566
Gram,December,Winter,28.05480587280073,69.84380949220461,176.03226079428174,20.087128024040034
Cotton (Medium Staple),April,Summer,24.461892322568502,58.038718585342366,25.15672770274125,25.00684528630788
Groundnut,April,Summer,27.57313766385646,62.63693258048747,64.56730943916708,20.677707362701696
Jowar (Hybrid),September,Autumn,10.942916250414779,64.6035120897236,178.0721837688215,19.920326668239646
Jowar (Hybrid),September,Autumn,13.818747282668603,84.35485086412021,150.0486180653526,18.64847961892524
Jowar (Hybrid),September,Autumn,16.366106433748854,78.68722624088927,78.55557406156242,16.507546322855298
Wheat,February,Winter,23.048491774696846,68.51065967655653,184.41835919678232,28.411313157177062
Gram,November,Winter,16.53331155160677,62.448091515319994,76.4650877964416,24.705117358103827
Jowar (Hybrid),September,Autumn,28.262689891799326,56.66321987571678,152.38820562994644,19.172475002479324
Paddy (Common),August,Monsoon,23.428572933833927,51.66207476239449,250.86641475035742,29.677885540012845
Jowar (Hybrid),October,Autumn,32.14763875787623,56.551848251260076,110.85524580166124,19.72784420635053
Maize,July,Monsoon,14.81827163592851,68.7902084001589,298.7517052123465,35.95965479604971
Maize,July,Monsoon,17.263222415259154,79.6409754181863,201.2784150743065,30.82962801870764
Gram,January,Winter,34.79892084652141,74.71301711672994,186.12935196056355,16.768983267961506
Gram,February,Winter,30.981484784651975,58.45463197009872,177.26627043631595,16.23200088895996
Barley,February,Winter,24.508754207115157,70.68470254076753,96.51158050886283,29.625756946566877
Maize,June,Monsoon,26.016802200239706,59.930910963472485,221.77096871508172,30.508379937556178
Barley,February,Winter,27.67777833064619,52.632028600479266,176.20365865168685,27.58558759625653
Barley,January,Winter,30.03685695456147,82.13028935474104,135.24854583023787,26.75481200601483
Jowar (Hybrid),October,Autumn,32.062753542559776,77.14748643717704,129.20146575131366,15.590196378178312
Gram,December,Winter,16.79579185721034,53.92639342678849,28.24368936428215,21.34694129495633
Maize,June,Monsoon,27.914139868526586,74.5992790469594,946.7992190807286,36.119149858023874
Wheat,November,Winter,11.49337374836691,58.05262235756968,159.724159903718,32.42627399279077
Jowar (Hybrid),October,Autumn,32.67326996544196,66.76512320428924,112.49227457671152,22.18624601954538
Paddy (Grade A),July,Monsoon,33.9634237136556,62.57573342038752,657.9994256930265,26.49104494248818
Urad,August,Monsoon,10.512449175744834,59.021716588414755,947.2714505322303,15.791268565926341
Jowar (Hybrid),July,Monsoon,34.899241764492686,76.67241877832907,264.720291979124,23.485456347042778
Maize,April,Summer,18.8291859343844,51.5216979077257,122.10344243350634,39.27161926758522
Jowar (Hybrid),September,Autumn,28.764010426101713,55.42989051012608,151.17423896125067,17.425472588013957
Wheat,February,Winter,12.599591194869502,79.17035877005586,184.2045424869876,31.448046653670986
Barley,December,Winter,23.63286023967587,56.877634268986114,21.640199288176902,27.603296316427
Jowar (Hybrid),September,Autumn,33.9505695027961,81.33245132017501,12.044628307245947,19.495260083756897
Paddy (Common),July,Monsoon,16.271826664157334,67.02816463236762,953.4789695510874,22.982426254671047
Jowar (Hybrid),September,Autumn,23.035980342553657,51.61677378041783,195.04101411877744,23.941610653689622
Ragi,May,Summer,18.161403909263782,64.70754634872299,191.44727481951742,28.903109741477458
Paddy (Grade A),July,Monsoon,15.373269162653996,58.288792712860676,592.0108167080587,33.98367069218944
Wheat,January,Winter,30.83324124102164,81.3352850568353,36.64613614321617,31.242414347531845
Moong,May,Summer,31.636749202582063,72.01256685103019,143.27374362239706,12.430147472887706
Barley,February,Winter,12.661126084499038,50.498197619066524,91.67938375331768,29.864227135027274
Ragi,April,Summer,27.426872149209753,58.77059724289092,139.66887121718506,24.413356298256964
Jowar (Hybrid),October,Autumn,11.245768304292888,69.40845343858176,169.84909938387787,20.861552018402097
Barley,March,Spring,29.450092671547733,55.361988744844396,86.55061411585248,20.611320704292215
Gram,January,Winter,34.4190532611688,71.15591196340768,172.0757755427053,23.71394067843906
Barley,January,Winter,17.91043710624213,67.57820869114902,99.07005485659566,28.45931446044782
Barley,December,Winter,24.335300381193157,60.71083477159352,131.5516317175799,33.215632049149455
Jowar (Hybrid),October,Autumn,16.02790372084075,78.2575734687377,132.8917615889467,22.830672291242898
Groundnut,April,Summer,14.650802687939459,71.78889806896424,132.2684595750028,29.732579573554787
Jowar (Hybrid),October,Autumn,10.73248902494814,66.3251979848445,146.5393623791611,22.359282376104645
Paddy (Common),July,Monsoon,17.901366790686552,80.44033591261237,648.871460890578,24.119618184266002
Urad,May,Summer,15.662364701399541,79.45070893019754,17.027863857146055,17.488851308075468
Gram,December,Winter,24.867185477431253,79.25640142759109,101.82208824488056,20.978460885617515
Gram,November,Winter,30.418309278930234,51.01995028687091,66.05154927528086,15.692999449792056
Barley,December,Winter,26.938199307469155,82.39288311663003,120.89632514843558,26.618787635535007
Urad,August,Monsoon,10.313381432740679,59.908155968220164,297.77650060706037,14.500576249353164
Paddy (Common),August,Monsoon,22.142674601643236,74.9427554112566,870.5148096069701,23.91691518818045
Barley,January,Winter,34.1142902894104,71.6875498770292,28.4481192678134,26.067578469531288
Ragi,August,Monsoon,17.02357952544934,77.3478542209526,649.7368911107155,28.301273063412243
Paddy (Grade A),June,Monsoon,12.685655964984557,71.77757843048818,340.5911973047197,29.752292349388487
Moong,May,Summer,14.172736153497617,65.1487011603864,139.25210830504327,18.029648738566472
Barley,February,Winter,25.439947632386424,65.34235866890563,87.51627475511738,28.380458528288912
Jowar (Hybrid),October,Autumn,19.983789183620637,72.16446457877448,197.73967227232478,19.450452237706525
Tur (Arhar),April,Summer,30.349845146083613,73.24942425671885,113.97661524788363,22.01113881561852
Wheat,December,Winter,26.557689886197164,79.38231114259673,104.31716360695052,27.67178202539216
Groundnut,May,Summer,16.007477211827194,52.11651631338079,57.79889090836263,18.492525801297525
Paddy (Grade A),June,Monsoon,13.939415565054933,65.76022755373519,448.219301857736,33.66941803145087
Cotton (Medium Staple),April,Summer,26.731907816361215,60.13735554767792,84.24297972796526,24.047312279526984
Wheat,November,Winter,20.14364091619823,50.75382059955993,99.13004563325227,25.987271406768574
Barley,December,Winter,22.583238628743256,69.56050729906613,60.98208616062074,25.419099652715087
Tur (Arhar),August,Monsoon,22.823997376518506,67.4910531827773,458.8687232925581,17.663622021971992
Maize,May,Summer,14.276918647487685,84.49889536256512,24.123340122868726,31.648315812883563
Ragi,April,Summer,32.3838942954515,69.34224901107024,88.04615238593536,22.484465223114487
Barley,February,Winter,23.915328953009784,81.26045833697515,106.81534998180315,27.545314998130703
Wheat,January,Winter,30.930124131550492,52.066782878105954,159.41291856742964,32.315939819789925
Wheat,January,Winter,32.60767631020772,81.1130501108552,46.16964017261777,34.890274546415185
Wheat,December,Winter,14.093738911348495,60.452740595985226,88.52398064462574,25.275611555575562
Barley,December,Winter,33.817595622279775,57.80175173546396,71.32695718968422,34.49126768402081
Paddy (Common),July,Monsoon,26.40345068047174,71.41675659140348,811.0298121878409,28.30211297445817
Jowar (Hybrid),October,Autumn,25.293177508008018,76.37899264003383,38.806879747818215,24.595764489829268
Wheat,February,Winter,12.671526059716985,84.36845291569261,155.21049109661487,30.675671524124184
Jowar (Hybrid),October,Autumn,17.48025014144267,66.24687314639218,140.11837613558714,18.22345158162838
Urad,June,Monsoon,31.47811943396734,80.71162143585326,635.2170183888777,14.323740760716557
Tur (Arhar),May,Summer,26.609662090930282,68.89477345202957,58.27979895637925,21.879527475938502
Wheat,November,Winter,10.011118470983499,67.3968319565848,102.46331409889738,30.1276565859252
Barley,March,Spring,29.122886348616678,75.14532558205192,198.62278441072567,28.836766936868624
Ragi,June,Monsoon,22.099472887357884,69.68762681336976,239.941483580054,21.74529107767254
Moong,July,Monsoon,19.744088637841323,79.86500666859946,287.7096838208021,14.646274748181646
Tur (Arhar),June,Monsoon,15.391187673128783,55.73401257029917,470.26727362306895,22.06204399091238
Wheat,December,Winter,19.325392767066976,76.47970546892425,153.6012173676981,25.55591348480995
Cotton (Medium Staple),April,Summer,28.647584989838784,84.13295653270568,43.963129552923654,28.956873821058586
Cotton (Long Staple),May,Summer,11.087428910165391,72.67893505408216,131.20485780538965,27.930421369291842
Jowar (Hybrid),September,Autumn,21.266351123535706,76.28674860974817,62.76051771927714,20.282755080468544
Cotton (Long Staple),May,Summer,28.870862027166275,57.69032348857873,130.74006312135901,22.769384696542115
Maize,August,Monsoon,12.338438189755804,84.31361118973204,910.2870680489146,36.086662777871965
Wheat,November,Winter,18.274003050276704,80.21492026102516,155.97282203497576,28.120583356463563
Ragi,June,Monsoon,17.911901448086283,59.74749846398312,485.6232069893075,23.08552881451652
Moong,May,Summer,26.44926374051126,72.43771715390112,150.59213012879005,10.178487444029917
Paddy (Grade A),August,Monsoon,32.52651634458492,58.31991404453926,506.61701650999123,26.140085297628424
Barley,February,Winter,31.12922531344836,58.481368972874655,96.57326443356314,22.725194319017973
Barley,December,Winter,26.303677365590836,58.066571009725365,89.03528133218488,23.750125503822634
Gram,January,Winter,28.011402806274457,60.40531219049237,43.57442761000287,20.76549328718472
Wheat,March,Spring,31.804672928672712,59.03057345120312,181.45476907057406,28.359789131147686
Moong,July,Monsoon,13.257134430708138,59.50094188819133,731.3599262192317,16.060568594145472
Wheat,December,Winter,20.256293135341405,64.48227268548841,160.71607959043328,32.78602910285554
Jowar (Hybrid),October,Autumn,16.036024211309247,56.864853303753065,41.75067299741481,15.47845432912863
Paddy (Grade A),June,Monsoon,16.611336078493736,54.92178293236357,341.19594641951426,31.933525976225532
Gram,January,Winter,15.633944896019024,80.30891647702073,58.648398767916696,20.294859538565127
Barley,January,Winter,20.718266425647066,55.65710910222337,18.076316260109664,32.21107295597224
Gram,February,Winter,12.451302473997359,77.10458503498889,101.50983663165897,16.34513422432722
Barley,February,Winter,13.88192333549425,83.01041454065152,17.230456607173352,24.482018420524664
Maize,August,Monsoon,27.45581163143187,74.06697289761236,451.6549573423591,34.04997772496926
Jowar (Hybrid),October,Autumn,23.92734175141628,77.72621509906331,124.00929350147457,20.546260997342806
Cotton (Long Staple),April,Summer,33.70189720359081,54.964084121316944,123.99951224749789,24.264597478396503
Jowar (Hybrid),September,Autumn,10.456947768857694,56.54740865559812,70.09779277178659,15.875512026847346
Ragi,August,Monsoon,32.99536047729824,72.03148306041558,681.0767676308424,20.38086449722939
Urad,May,Summer,23.394586876641306,77.7365023283167,28.862005462166145,18.556530726819368
Gram,November,Winter,14.864680564362406,80.34886446129815,180.33162400288964,18.33304013417879
Gram,January,Winter,21.035413488504076,52.11476999529043,101.20514480955634,16.198721782349768
Barley,January,Winter,24.76917372835253,82.394099399393,90.96007388451186,21.70314759398935
Gram,February,Winter,23.229664117480592,59.1236787041578,128.42488182671303,19.769276383256187
Urad,April,Summer,16.798077435791807,52.257006846813006,17.835136728959192,12.8472067602134
Cotton (Long Staple),May,Summer,26.367436175993365,68.79207973840948,13.38201173356822,23.204101765062138
Jowar (Hybrid),September,Autumn,22.131665663713108,80.43387678933675,94.51518872843555,21.44425525319674
Urad,May,Summer,18.834801755191343,52.155569253864634,92.08041588672278,15.509490629663308
Gram,March,Spring,32.81496035466321,70.468831567548,167.67208588277322,21.852762244716345
Wheat,November,Winter,20.259534965163013,54.969609741868524,54.73822041520699,32.3353514710079
Cotton (Long Staple),April,Summer,20.07293538305351,82.53903878785833,19.472542450615165,28.445124974221457
Wheat,March,Spring,30.344434483000835,63.73592117820389,125.58653035914305,29.302064265494945
Gram,November,Winter,18.771034687648832,73.22279463151351,110.43198387128439,15.443401523963981
Wheat,February,Winter,34.56186413626966,53.25914577672881,103.84364221808124,33.454406352271036
Paddy (Common),July,Monsoon,18.60836398767765,51.551240325844105,947.1980891516314,20.60629133174872
Urad,April,Summer,30.997579974283333,66.81629453539875,140.51872829733452,13.061570417221567
Groundnut,May,Summer,28.45089653986475,60.9947033768758,123.8581027089949,17.3314334244349
Wheat,November,Winter,12.18311020133477,56.766940178701404,35.81678233774115,26.51951235444529
Wheat,January,Winter,22.16908952323843,79.88481757224007,136.87788253799306,34.0915954654536
Jowar (Hybrid),August,Monsoon,34.961997649964744,60.347170725594445,741.4649802026544,16.64698252343144
Gram,February,Winter,33.443022845426846,56.99307343929328,22.605201028359293,15.334012879220708
Jowar (Hybrid),October,Autumn,12.188713386066532,71.72599514933724,186.1748626174188,22.891829630226468
Barley,February,Winter,27.832184590203806,50.140776327573604,167.50860464221736,29.7729529668039
Gram,January,Winter,20.075195110518834,72.55044635425637,187.26664992826758,18.095397163768283
Wheat,December,Winter,34.15916718866545,55.714102314630686,144.28653279880922,34.072132954463
Gram,November,Winter,33.18172008124779,51.435217988760854,119.35768375478195,18.537164749597054
Wheat,March,Spring,24.14305322563216,60.53855018645238,172.70209853328777,31.20447414252216
Wheat,November,Winter,15.117403903064377,63.136393759581495,152.7616097459389,29.51968720706725
Moong,April,Summer,33.51121846148882,52.8971356267958,146.47651328229773,15.33938301873521
Wheat,December,Winter,18.36244699091455,76.61085014068277,134.4570946821418,26.341336350628623
Tur (Arhar),April,Summer,14.839029763204941,50.058471854234725,185.3754521636521,20.904914082452287
Tur (Arhar),August,Monsoon,10.579179633140578,67.68873565346078,851.9833748043256,23.863723985966452
Wheat,March,Spring,31.975662073082518,70.9980572838468,196.85745251455046,32.48075402278409
Gram,March,Spring,12.520051694830208,50.440821622409494,115.02453204655744,15.558322243977194
Gram,November,Winter,27.032709835572554,79.50715735219208,195.40692223142975,17.708110123483063
Barley,January,Winter,29.672388394063095,66.9802700720532,180.2847082567251,26.74742974567281
Jowar (Hybrid),August,Monsoon,20.69573063668833,73.05677418721567,347.32474385524233,15.0910357045091
Gram,February,Winter,10.737777969526531,52.890105657092086,80.85202436802007,19.31826692478678
Jowar (Hybrid),September,Autumn,24.23045653006072,77.68016384789794,13.093842265434274,16.07940275672211
Wheat,February,Winter,31.378889394207583,60.61068250360883,85.71535159719964,31.51510619335717
Barley,November,Winter,13.180302086210851,75.39772322550623,29.53390600097106,26.799319093473187
Wheat,January,Winter,20.24272451629951,76.48527783165605,93.31635958732126,32.61837993926849
Tur (Arhar),June,Monsoon,26.526220813079455,74.64410799592551,664.8013660360207,22.86721803331759
Maize,May,Summer,11.664393515343582,53.79881035129944,108.36976397086143,35.879760616809584
Moong,August,Monsoon,34.83968588439027,73.96719224343721,761.1672557334654,10.91362127379928
Barley,January,Winter,28.610703943671005,82.05603882469701,65.37041833028331,33.639614564356364
Barley,January,Winter,12.89570329040749,78.98368767729218,35.331092752344475,27.23467242270584
Jowar (Hybrid),October,Autumn,24.368698119173143,59.30147232011969,52.759566128609656,19.82190306395851
Gram,March,Spring,19.08286198087201,57.823638630555166,103.8680670417639,21.729992599373794
Maize,August,Monsoon,28.870407365160602,76.49651270770886,602.8664216557461,33.71731732123123
Wheat,November,Winter,34.3275901205018,70.62250228480374,57.523656769655865,31.362518650675803
Barley,February,Winter,30.58943657387173,69.03823321035952,40.60293003473789,25.047668551302994
Barley,January,Winter,11.729219331352766,77.25883119307642,187.9820432307651,20.12376346437055
Paddy (Grade A),July,Monsoon,22.27938583063498,82.90786725789366,562.0339275068513,30.11946947461811
Ragi,April,Summer,17.871165684098713,80.77711989785162,186.65466474291154,20.06455259853003
Maize,April,Summer,17.522521274182168,73.60301348616949,10.893701128894092,35.23526909432399
Paddy (Grade A),July,Monsoon,15.759725330734984,78.61358597876816,774.5287487956501,28.80256821791799
Barley,March,Spring,32.55712611029943,76.29563230355969,29.898246994064834,21.16709198812036
Barley,January,Winter,19.581479494973706,73.07428693266895,107.99572867247372,29.383596146241473
Barley,February,Winter,24.211166223444145,51.40603780127806,159.83816844400198,33.46495481995677
Gram,January,Winter,23.624051892464045,66.54087855652537,133.67654327263824,17.20800519381728
Cotton (Long Staple),April,Summer,19.39091106266907,59.17425093956528,179.95722142507307,24.25368612977426
Urad,June,Monsoon,16.228958687288166,69.57745698643564,880.191909959375,12.412946606624523
Gram,December,Winter,22.794657123226514,76.04225615910435,80.33808441801375,22.216260730364226
Ragi,May,Summer,19.29305659453788,70.91791184606814,87.25462560213649,27.924434448306748
Moong,August,Monsoon,29.4292653329697,61.979084761602515,481.91006606430153,13.972401118394808
Wheat,November,Winter,13.582450056454082,70.87578836230657,10.421141763819668,28.40615721510799
Jowar (Hybrid),October,Autumn,28.790051094170433,67.48268075769835,44.71534644074027,16.29289455080016
Gram,December,Winter,27.050754937087156,80.51561515382667,155.70271573345522,24.042174630220984
Gram,November,Winter,27.562726871537883,65.8822957692864,102.55220417089991,19.96761537153862
Gram,February,Winter,15.171185756326688,65.77735191326218,118.84459465657103,20.267305732025527
Paddy (Grade A),June,Monsoon,32.84876064452979,74.06694414541221,826.9934794027338,26.87170274250175
Gram,November,Winter,32.59563137954941,82.13963017225299,28.777832389437116,22.4346227369738
Paddy (Common),June,Monsoon,30.666500857505063,58.39977552456362,541.1690628262991,20.073470690110653
Jowar (Hybrid),September,Autumn,21.959224857365278,79.98962987645056,173.06263411314117,18.47578117658735
Tur (Arhar),May,Summer,25.92993893621989,74.55173567339799,145.72455253229006,15.035208688685268
Ragi,May,Summer,10.044306450325488,68.9269526483394,39.257841439118636,22.32646216374832
Cotton (Long Staple),May,Summer,11.29512340082299,79.60047502824338,133.41931865237245,24.991828815266054
Maize,July,Monsoon,16.893786338988136,62.33737625271126,223.5219548295019,38.5437839086565
Jowar (Hybrid),June,Monsoon,17.19699867376647,62.191703188392175,734.4413094530636,18.640665815360755
Gram,March,Spring,29.170818490963494,62.43720059888897,59.86289487574763,17.55296036738537
Urad,August,Monsoon,22.51630947706756,55.22573265439766,875.2552789892318,12.364386956619201
Jowar (Hybrid),October,Autumn,24.961786118853112,59.20200705795287,177.51575183812957,15.450737498925909
Barley,January,Winter,16.441890940665534,73.98933897993402,99.13905109659825,23.937896017079378
Ragi,July,Monsoon,16.913943372848728,56.6832773644323,662.9177575772517,27.132794677666432
Barley,March,Spring,28.865947459253405,60.543068615063646,85.76941882991431,26.38455276050373
Barley,March,Spring,34.543237277353526,80.61201193474844,38.998882114097455,23.842754519254477
Urad,July,Monsoon,17.185884696109238,69.78965906600394,310.35202088639664,19.45125174432527
Wheat,February,Winter,11.585445420359196,83.87212742159416,81.54345845205773,32.015294737744526
Jowar (Hybrid),September,Autumn,26.12457464380593,51.13671803285512,146.76386141671446,22.752601107497757
Tur (Arhar),August,Monsoon,19.18365735869927,72.95926040540921,328.3196923176435,21.671702909891454
Urad,August,Monsoon,22.99328455811814,68.19647952736139,306.8250943082475,13.015182615917542
Cotton (Medium Staple),May,Summer,23.014958889114915,82.93212811100896,115.85460965897792,22.32165845318242
Tur (Arhar),April,Summer,18.880989042270926,56.91232116380668,87.47775204383639,15.088441307007717
Wheat,February,Winter,24.74139369558779,84.51169786823053,94.48188017596848,32.12585088787933
Paddy (Common),August,Monsoon,19.08022257423338,65.80354897651503,853.868028175487,28.468646056254737
Gram,March,Spring,17.041890539410534,66.61703292228529,183.48301273934618,24.302351862602897
Moong,August,Monsoon,31.58143773478401,65.49722230843084,378.845201549527,14.842148018438557
Jowar (Hybrid),October,Autumn,31.966345537202027,77.25537461397141,165.59129593980026,19.933390492517614
Wheat,January,Winter,24.538356766420865,60.14610439956302,83.24089252868013,25.467329469433587
Gram,March,Spring,11.510068892408858,61.364965572347806,117.85134013151267,23.199470229804835
Gram,March,Spring,29.251633420540863,64.25139394498464,70.78030156770302,17.289130070352602
Jowar (Hybrid),October,Autumn,13.369517164784302,73.28864176656086,173.71943296767242,22.288631529428773
Moong,April,Summer,12.077575821584412,50.545068009182344,24.25832848724486,19.905369019258814
Wheat,February,Winter,29.423172295822138,76.01429657569874,176.71502762983354,28.963840956392573
Jowar (Hybrid),September,Autumn,33.659936503113926,61.37848379909464,196.41692743858778,16.15842953252382
Tur (Arhar),August,Monsoon,26.138466800610406,66.46367884815753,828.0072066742417,23.3686141663716
Cotton (Medium Staple),April,Summer,16.896382050146833,50.37166978481456,162.24055032317077,20.991290893490742
Moong,July,Monsoon,22.157142585363218,77.94634488518304,476.85520600214136,18.186779529928604
Jowar (Hybrid),October,Autumn,23.94574737583698,78.82357448424625,44.45827688652238,16.24069137862347
Wheat,January,Winter,33.349603705949356,63.73589846496161,168.06133108417472,34.27685876778273
Moong,July,Monsoon,29.234671979489796,79.3806881822533,209.38421040203457,14.597060769029108
Maize,August,Monsoon,18.48511388328301,70.06408462681034,624.5324703877656,30.68381977700988
Gram,February,Winter,33.639942102294725,78.23638882956655,74.23913204734592,19.260425888609735
Moong,July,Monsoon,11.43714985692173,56.72313998596144,923.0677990113725,13.062800363577963
Tur (Arhar),August,Monsoon,13.51569263719301,58.11800466087453,226.07567368155264,18.260610541801736
Wheat,November,Winter,26.171577855672922,70.2183108628122,114.04883065371106,30.684132903139176
Barley,January,Winter,33.970633771562646,84.72126118322213,151.49550203195903,24.69749708768877
Maize,April,Summer,11.369835618280673,51.055019815082694,63.83155640143392,35.95951079474503
Jowar (Hybrid),September,Autumn,23.539006432707335,66.7289015673683,102.29487740409891,21.160922810336157
Gram,January,Winter,33.47588745150071,61.88337872795263,195.03231230202266,23.395291255601418
Barley,March,Spring,29.430406324537312,68.6803168127211,94.26887063779995,32.24208699743639
Wheat,December,Winter,12.760061172772208,70.32023195795622,43.13072869261516,31.77837054167788
Barley,December,Winter,24.306136498943417,60.61467585781996,48.070595853552135,31.565984695613274
Wheat,February,Winter,21.563952926994865,76.3750124248051,44.49239771350856,28.858192128479683
Tur (Arhar),July,Monsoon,28.890902637418645,82.02333993914391,353.6041529183815,24.838104774982526
Jowar (Hybrid),September,Autumn,12.185170598721445,82.15260229981722,61.78538030085561,24.074454255797217
Gram,November,Winter,25.114380911005732,84.45049454896522,121.43226966892256,22.470669984863676
Tur (Arhar),May,Summer,20.265632429076014,77.99513850726998,136.53506457551026,19.8109653037641
Gram,November,Winter,31.93452292802671,80.3465636174961,15.571620896838088,15.839701968504
Barley,December,Winter,28.64099542281479,57.44890737269051,129.92624316486237,33.13063868563914
Jowar (Hybrid),October,Autumn,28.397677956746335,72.26466210157939,57.462293542880836,23.41170913953103
Moong,July,Monsoon,24.957586961763614,54.51866371615087,310.7445533026107,16.81860044729052
Wheat,November,Winter,14.644993401820802,57.5028026733191,102.1068717521817,29.58622133509698
Jowar (Hybrid),September,Autumn,17.793492235986307,66.76500379269805,161.846505001222,17.42913227604968
Jowar (Hybrid),October,Autumn,26.204472801413168,53.65317242455311,146.46725036092965,23.869737689957425
Wheat,January,Winter,17.95580266146987,58.63418626386682,61.269587747341305,30.77258854338244
Barley,March,Spring,20.59695937976653,51.67602161756931,107.79555768116616,24.713141465044124
Jowar (Hybrid),October,Autumn,26.71981751263756,63.466656156173954,192.60652952241566,15.638278785237764
Gram,February,Winter,21.79385650169617,82.07743754576185,137.93335487189043,22.603943133937385
Jowar (Hybrid),October,Autumn,12.134475503233492,81.48864080062025,76.43850930584904,23.23023910344823
Wheat,November,Winter,14.79919288788004,59.56016596162968,48.6942201309943,30.426836381800577
Gram,January,Winter,11.834904784525278,81.60576479581863,58.47739624171374,21.493794527972483
Jowar (Hybrid),October,Autumn,33.748481338673216,73.4970641367501,56.332450606215424,24.54871284779338
Ragi,July,Monsoon,12.846016424593198,50.94504615715169,826.6787854343119,28.911864539147874
Maize,May,Summer,34.4765066881864,50.62202087537897,190.80929389639175,34.54234755045301
Groundnut,May,Summer,31.77237383838555,54.14674123503993,76.28867491446167,21.359319798663613
Maize,August,Monsoon,19.518682915102037,71.28020688765902,743.9730428593596,32.02767543705277
Tur (Arhar),April,Summer,33.52530542896322,69.14345436305805,85.49188249180749,17.428408341774166
Barley,February,Winter,30.270450845602504,80.47720739564423,143.02313688665043,31.573549830308906
Wheat,November,Winter,28.92652750318419,76.31513895177986,45.20466209959204,29.456951130647816
Barley,November,Winter,14.016505377073255,76.93032524752178,89.71952886028372,27.190372032408963
Jowar (Hybrid),October,Autumn,11.709940084753256,61.77683851851761,98.3592356953795,21.70901604405264
Wheat,December,Winter,18.975726493715932,81.4970707920734,11.593659997307439,29.318457753289604
Jowar (Hybrid),July,Monsoon,23.924310249117244,63.071808209974606,308.4330728706384,23.611070349482922
Wheat,February,Winter,10.965785914962112,84.34719102244705,93.50624316066376,25.25495745068898
Barley,November,Winter,29.88944167126775,50.80080661006646,77.50790590625817,30.91457788442898
Groundnut,May,Summer,12.924720108685552,55.39143002574986,56.02136834815057,19.00417399510563
Tur (Arhar),June,Monsoon,23.69536452248166,72.29414542444968,722.8492697835497,24.67957949794696
Jowar (Hybrid),October,Autumn,32.75881670888724,77.8623817731465,49.99702304889218,18.123405195371394
Jowar (Hybrid),October,Autumn,25.518171327590174,71.32117022863596,198.57263135575917,20.623112668572805
Urad,July,Monsoon,24.004158482018646,77.93441476012794,713.5346233161445,15.179331423550561
Tur (Arhar),August,Monsoon,11.542981741538227,72.70133799428368,378.7078233933796,18.106494481448784
Jowar (Hybrid),June,Monsoon,20.629780383381213,81.19108336885557,627.897618935569,23.831124375172983
Paddy (Common),August,Monsoon,24.954884619955457,61.320389050241445,479.65374959265876,22.667139340111152
Gram,November,Winter,11.265360075586308,75.64343335772192,68.45261002319538,16.110016362873687
Barley,December,Winter,18.422587059346633,81.29969129808191,193.3127784853271,25.171753729245882
Moong,April,Summer,23.144279338367863,72.26442458090602,175.8690020695338,11.875785907085492
Ragi,April,Summer,13.918965467640703,83.44980559544264,129.0940780680509,25.915914048261815
Jowar (Hybrid),September,Autumn,12.41171556927964,54.95942410651916,90.13953719808421,15.168153673687627
Paddy (Common),July,Monsoon,17.867836237074286,74.60880658712438,842.8475700132245,20.716493790974994
Cotton (Long Staple),May,Summer,30.168085143821965,54.93973142586263,159.05491064441833,24.32161986575968
Gram,January,Winter,30.15931532588945,77.73129319131996,140.76998127679653,16.805977054087734
Barley,November,Winter,17.55614843967278,62.191291541955344,128.9665015545096,27.686553296858015
Jowar (Hybrid),October,Autumn,13.128013734490187,84.61630627327784,119.42591590414621,17.162803921569456
Moong,June,Monsoon,10.504280184692227,78.1163483737322,944.8228622651587,19.30893656215709
Paddy (Common),June,Monsoon,10.773367652298798,70.57218307193465,900.0543413000728,24.42967277774965
Barley,December,Winter,11.075561050089881,59.76166099621833,129.923060124738,29.304989974790175
Barley,February,Winter,21.306321719168594,79.94996990284007,174.3485833949813,33.090802176122295
Groundnut,April,Summer,30.55072721363666,78.98156322850159,21.03574701210499,15.388132815325088
Tur (Arhar),June,Monsoon,10.403617801812798,57.637801138909985,267.2471313525891,19.823167678624806
Moong,May,Summer,16.157071567924334,76.5116198267716,66.98114831342342,12.7752519008136
Tur (Arhar),June,Monsoon,33.06461400126831,71.01832249094677,790.9591233042494,24.71075065540621
Cotton (Medium Staple),April,Summer,23.27782503087172,68.48017470118096,116.75068726667638,29.35756629039683
Barley,January,Winter,27.696873327596265,59.80516415322741,88.74124142860393,26.11132278580911
Paddy (Common),June,Monsoon,20.187278084911828,73.14220748622782,390.0748813667911,23.178069927039076
Paddy (Grade A),July,Monsoon,14.265588453240806,68.06261261794383,381.15788146849246,34.128979227319306
Gram,December,Winter,27.2580923860769,69.40400103877334,179.64816333428874,20.48614771989685
Cotton (Medium Staple),May,Summer,17.161853375315594,75.33493447322758,180.79857996027664,27.871975447235066
Wheat,November,Winter,11.821476272234628,80.35743420476666,67.47674896611245,32.86157901477936
Urad,June,Monsoon,24.70170708894088,60.97403606198237,770.2809108601137,19.83914853349988
Jowar (Hybrid),June,Monsoon,29.361984104230213,57.521467457354824,383.8168302231012,24.798135319197847
Wheat,January,Winter,18.04314193701513,76.70694926531147,92.08525921630792,33.15071686923961
Jowar (Hybrid),July,Monsoon,11.767581242869964,67.69352816777283,483.8830713068655,22.41409945084971
Urad,August,Monsoon,28.549811259682794,59.64328454443416,830.7263668724925,14.376792502939548
Maize,June,Monsoon,33.560652553210204,57.88900070008655,479.7338384138027,37.14433859140902
Moong,July,Monsoon,33.115002829538504,56.591520219290885,214.5523353265717,13.3516746658335
Jowar (Hybrid),October,Autumn,20.491129067700037,77.47675153985517,16.561888615621747,15.389427111478389
Barley,December,Winter,33.78550633687776,56.581073668873344,134.9044700543393,22.63877290907633
Urad,July,Monsoon,33.36429802041201,64.7743407967888,919.8766092978266,10.332182508647596
Maize,April,Summer,18.68456037668171,55.6847191447554,198.46940707548578,32.72097421794349
Cotton (Long Staple),May,Summer,31.205504571032524,54.577493546484554,141.09256740556904,26.337761915843245
Tur (Arhar),April,Summer,27.861744023421878,59.16530259601844,10.897004870534197,19.307367937815865
Jowar (Hybrid),October,Autumn,20.748628062010972,55.2592082830802,27.89334610559543,21.131826590556937
Cotton (Medium Staple),May,Summer,28.94889066381625,54.05248728954266,15.765676400227514,29.97837198530319
Ragi,June,Monsoon,18.747950507875085,56.8813499484704,966.8619852498565,26.699835764712574
Jowar (Hybrid),October,Autumn,18.80473417069557,71.12120673728255,43.729294831297544,18.746499494672978
Paddy (Grade A),July,Monsoon,22.841239382904917,78.90077862463656,399.06996032021243,25.892946221329787
Wheat,March,Spring,19.020451257478932,51.45554014266169,17.917604511161517,26.984922961716364
Jowar (Hybrid),September,Autumn,33.17127754900319,58.27680569916301,140.86470665429337,24.519558844777613
Jowar (Hybrid),September,Autumn,10.48678513899027,59.626953271235365,149.75369638291053,23.384605616455506
Tur (Arhar),August,Monsoon,32.03603663138125,65.66374013563384,877.3119957939394,15.755799396899048
Barley,December,Winter,26.36356551702463,64.45790831487729,148.8767475987848,29.66972270913398
Maize,June,Monsoon,30.099046635229936,53.65494255064681,603.1542479713327,38.928268751040285
Jowar (Hybrid),October,Autumn,27.55845439020545,75.79613937230354,192.30353903637413,20.887272196537303
Ragi,July,Monsoon,25.88451266019459,50.29931969530568,687.6886187020618,20.687218604865055
Jowar (Hybrid),October,Autumn,30.947780299950423,74.79349711367473,116.98671817157677,17.173736545903207
Wheat,December,Winter,30.207151488907893,60.11983516063372,140.46669240987754,30.891725077534847
Moong,May,Summer,14.656102816299146,50.35772600156334,161.38128957398678,17.471283044138385
Cotton (Medium Staple),May,Summer,13.164352193680589,78.90227577456031,146.48075284390055,20.66229067801788
Paddy (Common),June,Monsoon,25.96717310169504,65.47873726816688,760.2100180756553,23.323921808279852
Tur (Arhar),August,Monsoon,18.169293074974544,72.0543209994916,345.0356240828071,19.349262147516477
Barley,January,Winter,28.280533398951327,60.52984196140754,11.499715470059122,21.209043156583657
Moong,August,Monsoon,13.623995182114939,80.2190943145103,563.2115250963207,15.47593365685124
Tur (Arhar),June,Monsoon,15.950470449075665,56.88873897669834,933.8887660448964,20.593578115106503
Urad,July,Monsoon,30.263014939644584,83.65584768410957,253.81954138722787,11.698356161436571
Gram,March,Spring,19.73023898433768,80.07053241531985,49.880402637420886,20.99252970612236
Tur (Arhar),August,Monsoon,11.2050001764928,65.08372195235683,220.47958714075574,18.221547228719675
Paddy (Common),August,Monsoon,26.352574573000613,64.61988219561746,592.4073426889481,24.835200048172766
Jowar (Hybrid),August,Monsoon,14.817622518230205,65.33688171592986,923.5233176798127,15.669585825063066
Wheat,February,Winter,24.986309724349482,61.734054113539756,102.30177283151204,25.289984842224484
Barley,December,Winter,28.280544787718707,56.57498270944255,46.776522117224935,26.602579913108936
Ragi,April,Summer,26.40880143801738,51.07439735103873,33.03237629103113,21.46927931346346
Jowar (Hybrid),September,Autumn,23.454968025615383,55.4226955506568,50.66531009534257,18.5607227669366
Barley,November,Winter,19.056137792868967,70.764610568753,101.3342404443707,30.308675681796498
Wheat,November,Winter,21.050201778986562,60.262283835043874,113.44803422464611,34.96380483380119
Jowar (Hybrid),October,Autumn,15.776916784513695,57.46267209063826,27.533111792265544,16.86070597892543
Gram,November,Winter,27.887812668393927,59.49682571451143,168.84336580152103,15.125146954768667
Maize,June,Monsoon,13.756643287238678,63.50088916457362,216.29261380646287,33.67204855253307
Ragi,June,Monsoon,33.34400856348354,83.32333501870329,693.3843921222863,28.123244586511703
Barley,March,Spring,31.477022750750614,83.18601468417606,30.26928213943396,24.297095612793264
Jowar (Hybrid),October,Autumn,16.83577123337633,77.81148263159633,11.334420357947032,23.804682081873786
Barley,March,Spring,34.49391761046127,63.38005645110502,58.50191202712481,31.559858825450423
Cotton (Medium Staple),May,Summer,29.079656801028154,53.02901560221494,109.76764432451202,21.05082931723824
Maize,April,Summer,23.25206548573608,79.8134677892384,32.58366164606818,30.88395014117601
Wheat,December,Winter,10.245955921050816,55.52135988330128,13.45109418022777,28.775452776136454
Gram,January,Winter,14.081078696212472,81.8159130753984,186.32515087461888,17.357035039199175
Jowar (Hybrid),September,Autumn,34.83546124338977,71.0558756649124,108.25749302862037,22.773540668385955
Jowar (Hybrid),September,Autumn,30.31951130363919,75.38903146765284,175.79228751105944,20.6171620608135
Gram,March,Spring,34.33346715711188,83.04549895920186,188.67635928230592,18.990751700662415
Barley,February,Winter,15.456725460398907,63.5334874826755,167.831503193591,34.12835849932841
Ragi,July,Monsoon,14.362543440577824,68.38399452810859,424.63955048526054,24.307841253306727
Wheat,December,Winter,12.767810318960183,54.629742253633815,22.1899827815541,29.847054372578764
Maize,July,Monsoon,32.33351526484711,81.25054057148391,966.7176801049487,37.89807989533811
Moong,April,Summer,12.896189218600478,64.42351670546635,159.27755674604958,10.538964539549767
Urad,April,Summer,32.03275801433282,78.72831271936043,160.34033535099766,13.906432526954111
Maize,May,Summer,34.62096737375212,76.72042232429922,155.4909452802378,33.60852008984287
Gram,December,Winter,23.7383700072513,53.191312871819896,20.160401102167736,22.73982253667332
Ragi,August,Monsoon,22.863973560498863,80.54225133575902,275.9116763819972,28.412501878231733
Wheat,December,Winter,16.45711149081098,61.61213037259836,17.293894727287583,29.65751307177759
Gram,January,Winter,22.752469110759023,81.12538433954049,101.48634473098647,15.379004908718658
Ragi,May,Summer,15.318872993645337,50.34191204312123,102.29366665240266,21.925606918650306
Barley,March,Spring,25.573903244451458,61.97858906667094,30.329749417908264,27.461987794142814
Jowar (Hybrid),September,Autumn,11.529713727977425,57.68735146750722,36.372695548211404,20.998452348878565
Barley,January,Winter,20.243720361646652,50.99801652671925,141.40172739570096,24.353113316950278
Cotton (Medium Staple),May,Summer,12.5875924478737,52.20827080485718,28.139700309925832,23.612847457567096
Gram,February,Winter,10.991788244259407,63.69566892463135,194.04244920723883,20.399682299522674
Jowar (Hybrid),August,Monsoon,13.036062462962585,52.210826561781886,863.3017759381688,17.106835544616747
Barley,March,Spring,23.213722079033346,60.20834442216967,144.9102968649243,31.025065909733016
Jowar (Hybrid),October,Autumn,32.329445289668705,64.89664232383574,194.3731201946043,24.821543967090324
Jowar (Hybrid),October,Autumn,22.494638793657362,52.27905278093993,24.964234204309193,20.992035259122964
Wheat,March,Spring,15.510830603859024,75.46494591119591,44.78506131532678,27.394768682515068
Jowar (Hybrid),September,Autumn,25.78602935529111,57.521649803461514,159.42695330669457,16.539315441443165
Paddy (Common),June,Monsoon,27.484122819875335,59.52364966230775,506.86334150174605,26.904138168743668
Gram,February,Winter,12.563087906206523,61.96480857463975,26.63907976580361,15.292100837153697
Jowar (Hybrid),September,Autumn,22.881135703798066,58.3429177816629,97.38329888648607,22.471934297187456
Gram,November,Winter,33.57251666915819,68.56984198786157,93.04197184894419,24.42328964623773
Jowar (Hybrid),October,Autumn,23.468116037221414,68.19705701565165,121.08561725200603,18.663339796894896
Moong,April,Summer,29.001014951124155,73.30765838251084,198.09010184809324,18.286523800121827
Jowar (Hybrid),October,Autumn,28.995769654200952,63.921676605993255,193.75390850155148,19.864786064644697
Gram,January,Winter,19.400972869703956,71.40385028705695,28.20384738351561,21.575607802960327
Wheat,December,Winter,29.97748094833442,53.1900923547799,51.17599980836604,31.326325408265305
Gram,February,Winter,19.960708805464755,56.75481503090023,61.73773169776244,19.107081037144212
Moong,August,Monsoon,25.599197454654334,64.48573581667276,608.4885499427048,11.151175431867465
Gram,December,Winter,29.571818374123936,51.19776494660921,129.92949827790284,15.57829443003705
Moong,August,Monsoon,11.048845934969275,58.62963798620491,715.0718937126207,19.7931864761318
Cotton (Long Staple),May,Summer,13.020328682137214,53.995762741565464,17.26697928707717,23.847496986575337
Jowar (Hybrid),October,Autumn,11.083925933863133,52.24932681499283,118.5214549453786,19.89524634847038
Gram,February,Winter,23.240810685569254,52.35140875346381,107.17849576569124,22.80382433608595
Barley,November,Winter,17.267379767623677,75.64915718399583,152.17319524293669,32.70733484254305
Gram,March,Spring,33.16876905282396,83.8535208607813,16.295659938118295,20.074958428936366
Jowar (Hybrid),August,Monsoon,27.040653841168147,79.28388202298262,432.3258616388978,24.66129291797283
Moong,May,Summer,21.523912173035107,61.37274756359158,89.66522675880769,14.266096035025148
Urad,July,Monsoon,12.08415494948875,57.11763827806984,862.5765507235191,10.79863968307869
Tur (Arhar),August,Monsoon,23.780240577025452,67.44051690349211,986.6310337553315,17.20280270833346
Barley,December,Winter,33.07795401081019,56.64556954744343,107.76897078219046,29.296324442785554
Barley,February,Winter,26.430268459783694,62.501485937985706,125.65336794048767,24.890331038448274
Cotton (Long Staple),May,Summer,19.621647446854222,75.7638580187443,124.0023927750635,23.165587753327905
Jowar (Hybrid),July,Monsoon,33.470260822303985,84.94774951282034,700.3158573110059,20.411499273881745
Paddy (Grade A),August,Monsoon,27.257767417874735,75.4167388265516,776.2715452325929,27.119010069057598
Groundnut,April,Summer,13.264416907625847,51.72434362642033,31.06813614756934,29.238639659705093
Jowar (Hybrid),September,Autumn,20.909180456345595,52.211564017693135,93.76327689914339,20.02543399820889
Gram,December,Winter,20.85566859086817,78.83290475362925,91.0544522977544,19.203372403486032
Jowar (Hybrid),September,Autumn,15.207800249677504,50.721012041655804,138.0577690803996,15.280752575237734
Cotton (Long Staple),May,Summer,22.05449273942594,60.64417819161129,22.436590567693834,26.819647740137178
Maize,May,Summer,34.17415955419837,52.391081220233865,83.56289060323776,30.948746702109098
Jowar (Hybrid),October,Autumn,33.74538247792623,71.17048138080585,87.69407256944571,18.850430613600246
Gram,December,Winter,16.528890828155433,63.03435896483014,188.83944801730604,20.28193993434659
Jowar (Hybrid),September,Autumn,27.865402757852642,50.718465337897854,47.637820884480064,19.94683011680221
Gram,January,Winter,20.030370426480072,59.95499440459054,47.9051474056838,21.935314323302443
Groundnut,May,Summer,15.256136050003192,58.43831998665347,42.665544529145585,21.52290330643459
Paddy (Common),August,Monsoon,10.969707191752914,82.12602065377817,277.68646306018326,26.22864999323783
Barley,December,Winter,29.075929118185396,61.4151726112786,11.45794323557207,33.440785222921605
Wheat,December,Winter,21.066415186545203,50.32127933499098,63.68200017696701,31.01151625411103
Gram,February,Winter,22.824711819271997,80.18972128915533,33.57444452697698,23.523689040034284
Jowar (Hybrid),September,Autumn,13.81776862983368,84.2158387926184,162.10342274560676,24.544303626095974
Maize,April,Summer,23.679561940017013,51.136604238214396,177.77397359023956,30.41319532283695
Jowar (Hybrid),September,Autumn,19.208831559107814,75.36575750401714,46.92811320662942,18.974428424511167
Wheat,March,Spring,26.012397677662804,58.24779935283022,183.75378693906862,27.993283257759373
Urad,July,Monsoon,26.060814833040002,65.3500096984268,938.1848345704774,16.405122849955088
Wheat,March,Spring,13.962434642730312,77.3652750068174,75.59207579982905,34.59674317918614
Urad,April,Summer,11.60798235029035,51.05377995358721,20.301638521509414,19.86471544003348
Barley,November,Winter,19.05550127612132,75.52575483200425,148.12223524928453,32.931317736283695
Ragi,June,Monsoon,10.82737856816488,71.28512804137864,868.7716489371596,20.72248059663711
Gram,February,Winter,13.439346219825069,68.75793351778695,108.4625333205899,24.943043447361745
Barley,March,Spring,12.907929949311711,52.16502196677507,147.59829739265726,31.619501199454472
Urad,June,Monsoon,33.22758009460105,66.9639212609669,508.19396932799935,13.013451552676194
Barley,February,Winter,11.600333423823884,60.1735871769158,81.83445768395622,33.47356283341682
Wheat,March,Spring,32.81197755357323,72.93022836651483,185.61509101261896,32.738183115645995
Wheat,January,Winter,20.35512002530877,50.30613220210291,102.68313793038145,25.720134649558844
Gram,February,Winter,15.265306728849279,51.304400583015315,141.82448559967503,20.61575010778001
Ragi,May,Summer,28.269284693967368,61.368861689727545,63.43452700312909,27.101762911295907
Wheat,December,Winter,28.500193228289575,79.27831578211449,51.860847029789745,27.668675584028286
Gram,February,Winter,15.54866863180569,81.30593818357406,189.24241108959336,17.04434887320155
Barley,December,Winter,11.787194640403172,56.54860607417447,41.20452377288449,23.420342587681162
Gram,December,Winter,15.830290401101637,52.01908095598114,176.3994747438209,18.27342357151821
Barley,December,Winter,10.112902752841704,55.01733864606273,168.40402498779602,27.72536613037458
Groundnut,May,Summer,22.627521203487795,73.48353860313858,39.24572910471819,18.553395136219002
Tur (Arhar),May,Summer,11.030033860999275,65.06648737598388,144.3075049928243,23.007933605272054
Maize,May,Summer,23.70447224634895,79.94458763004926,199.3374139719179,38.250048650991324
Wheat,March,Spring,34.49576070035289,54.102475994518905,76.40583840900382,31.876884614410017
Wheat,March,Spring,27.70335852720101,58.81766402834951,105.8242514502691,26.816271190047473
Cotton (Long Staple),April,Summer,19.4568834603374,64.09266192540258,164.98988662991215,25.97457266372136
Jowar (Hybrid),October,Autumn,27.012237417860376,62.979155273227235,103.92129024206255,23.788718155236396
Jowar (Hybrid),October,Autumn,18.85150666223941,55.75933729746441,102.65983920290587,16.206684045386424
Gram,November,Winter,14.551898146477999,51.00091847956688,30.7340810218144,21.32930579389715
Gram,March,Spring,16.376150435347057,50.65030239292946,98.47492405135814,24.020155498492272
Barley,November,Winter,33.00516683085515,53.82969192569903,192.9370559659158,29.585419974870454
Wheat,November,Winter,24.718573961850588,82.14652325199549,89.24505471942628,25.153654248049804
Barley,January,Winter,18.593603471737268,84.71794817826623,50.71000227345656,31.59965566319652
Tur (Arhar),July,Monsoon,29.48744230117413,50.907448700100346,583.811061975935,19.2854733100996
Wheat,March,Spring,12.262396276678846,54.78718197051994,47.81747629687195,29.137824033831503
Jowar (Hybrid),June,Monsoon,10.597823888530034,56.734657722446705,786.9184012834847,24.24701437733914
Wheat,January,Winter,31.544021272602222,52.04330503050823,26.390935882497107,28.913650502176036
Gram,December,Winter,26.11986216116536,55.68714961671321,116.57471648110722,17.263657924932808
Maize,May,Summer,19.09540886367739,60.81960269120279,115.08601868892875,30.997344327639272
Wheat,March,Spring,14.631064971973696,64.89633785656744,82.68997995348651,33.206629201582416
Barley,February,Winter,10.749458855452337,82.48290387518287,166.8876071927755,30.296910233188175
Barley,February,Winter,22.947595330449577,78.34772634624689,196.40917127394246,34.44573954422648
Jowar (Hybrid),September,Autumn,10.823531223019177,82.56918263703596,114.0584987540262,20.565882687508328
Gram,December,Winter,12.774156928693206,78.45406991199306,44.41943072263839,16.2108155937243
Barley,February,Winter,11.54178249974501,66.63687394371742,163.78373770913774,33.16462786714158
Tur (Arhar),April,Summer,17.99624986655392,62.921849335638015,88.85923536627172,17.30705305048935
Gram,January,Winter,19.153223670373727,74.06160398694615,157.05563905238074,22.786138034450772
Groundnut,April,Summer,18.633290745916653,70.25021591186095,144.70074541951936,28.188869024640667
Gram,January,Winter,12.492250858008358,56.98286064364671,169.7767554950608,19.162852702696362
Gram,March,Spring,32.79193188749203,79.54225919071789,146.118360057963,15.942404390371653
Wheat,March,Spring,18.871293683906853,80.8175381326453,37.064742552808475,29.667204754418172
Moong,August,Monsoon,27.33911472742565,78.03696238267638,615.7902510807502,11.737930872171038
Gram,March,Spring,30.12912789082313,57.81441952555856,167.41772508786988,21.265000639777206
